participant_id,activity_id,gender,age_group,role_id,participation_type,role
1,1,Male,35-44,1,Participant,Coordinator
2,1,Male,35-44,2,Participant,Organizer
3,1,Male,35-44,4,Participant,Volunteer
4,1,Female,35-44,3,Participant,Participant
5,1,Male,35-44,5,Participant,Speaker
6,1,Female,55+,3,Participant,Participant
7,1,Female,45-54,3,Volunteer,Participant
8,1,Female,35-44,3,Participant,Participant
9,1,Female,35-44,4,Participant,Volunteer
10,1,Male,18-24,3,Volunteer,Participant
11,1,Male,35-44,3,Participant,Participant
12,1,Female,18-24,6,Organizer,Analyst
13,1,Female,35-44,3,Participant,Participant
14,1,Female,55+,5,Organizer,Speaker
15,1,Female,25-34,3,Organizer,Participant
16,1,Male,25-34,3,Organizer,Participant
17,1,Female,25-34,3,Participant,Participant
18,1,Female,18-24,3,Participant,Participant
19,1,Female,35-44,3,Participant,Participant
20,1,Male,25-34,3,Participant,Participant
21,1,Male,18-24,3,Participant,Participant
22,1,Male,25-34,3,Volunteer,Participant
23,1,Male,35-44,4,Participant,Volunteer
24,1,Female,35-44,3,Volunteer,Participant
25,1,Female,18-24,3,Organizer,Participant
26,1,Male,25-34,3,Participant,Participant
27,2,Male,45-54,1,Participant,Coordinator
28,2,Male,45-54,2,Participant,Organizer
29,2,Female,35-44,3,Volunteer,Participant
30,2,Male,25-34,3,Participant,Participant
31,2,Male,25-34,5,Participant,Speaker
32,2,Male,35-44,3,Participant,Participant
33,2,Male,25-34,3,Participant,Participant
34,2,Male,25-34,3,Participant,Participant
35,2,Male,25-34,6,Organizer,Analyst
36,2,Male,25-34,5,Speaker,Speaker
37,2,Female,55+,3,Volunteer,Participant
38,2,Female,45-54,3,Volunteer,Participant
39,2,Male,25-34,3,Participant,Participant
40,2,Female,35-44,3,Volunteer,Participant
41,2,Male,35-44,4,Participant,Volunteer
42,2,Female,18-24,5,Participant,Speaker
43,2,Female,45-54,3,Participant,Participant
44,2,Female,45-54,3,Participant,Participant
45,2,Female,25-34,5,Organizer,Speaker
46,2,Male,25-34,4,Participant,Volunteer
47,3,Male,45-54,1,Participant,Coordinator
48,3,Male,55+,2,Volunteer,Organizer
49,3,Female,35-44,4,Participant,Volunteer
50,3,Male,25-34,3,Participant,Participant
51,3,Female,35-44,3,Participant,Participant
52,3,Male,35-44,3,Participant,Participant
53,3,Female,25-34,3,Participant,Participant
54,3,Male,18-24,3,Volunteer,Participant
55,3,Female,45-54,3,Volunteer,Participant
56,3,Female,25-34,6,Participant,Analyst
57,3,Male,45-54,3,Organizer,Participant
58,3,Female,25-34,3,Participant,Participant
59,3,Female,18-24,3,Participant,Participant
60,3,Female,18-24,3,Participant,Participant
61,3,Female,25-34,4,Participant,Volunteer
62,3,Female,55+,3,Participant,Participant
63,3,Female,18-24,6,Participant,Analyst
64,3,Female,45-54,3,Participant,Participant
65,3,Female,25-34,3,Speaker,Participant
66,3,Male,45-54,4,Participant,Volunteer
67,3,Female,25-34,4,Speaker,Volunteer
68,3,Female,45-54,5,Participant,Speaker
69,3,Female,35-44,4,Participant,Volunteer
70,3,Female,25-34,3,Participant,Participant
71,3,Male,18-24,3,Participant,Participant
72,3,Female,45-54,3,Participant,Participant
73,3,Female,55+,4,Speaker,Volunteer
74,3,Male,18-24,3,Participant,Participant
75,3,Male,35-44,5,Organizer,Speaker
76,3,Female,45-54,5,Participant,Speaker
77,3,Male,45-54,3,Speaker,Participant
78,3,Male,55+,3,Participant,Participant
79,3,Female,35-44,5,Organizer,Speaker
80,3,Male,25-34,4,Speaker,Volunteer
81,3,Male,25-34,3,Volunteer,Participant
82,3,Female,25-34,3,Participant,Participant
83,3,Female,35-44,4,Participant,Volunteer
84,3,Female,35-44,5,Speaker,Speaker
85,4,Male,25-34,1,Participant,Coordinator
86,4,Male,45-54,2,Participant,Organizer
87,4,Male,35-44,3,Volunteer,Participant
88,4,Female,35-44,3,Participant,Participant
89,4,Male,35-44,3,Participant,Participant
90,4,Female,25-34,3,Participant,Participant
91,4,Male,25-34,5,Participant,Speaker
92,4,Male,25-34,3,Participant,Participant
93,4,Female,35-44,4,Participant,Volunteer
94,4,Female,18-24,3,Participant,Participant
95,4,Female,25-34,6,Participant,Analyst
96,4,Female,35-44,3,Participant,Participant
97,4,Male,35-44,4,Participant,Volunteer
98,4,Male,35-44,3,Volunteer,Participant
99,4,Male,35-44,4,Participant,Volunteer
100,4,Female,55+,5,Participant,Speaker
101,4,Male,25-34,3,Organizer,Participant
102,4,Female,25-34,6,Participant,Analyst
103,4,Female,25-34,3,Organizer,Participant
104,4,Male,25-34,4,Participant,Volunteer
105,4,Male,45-54,3,Organizer,Participant
106,4,Female,25-34,3,Participant,Participant
107,4,Female,35-44,4,Participant,Volunteer
108,4,Female,25-34,3,Participant,Participant
109,4,Female,35-44,3,Participant,Participant
110,4,Male,35-44,6,Participant,Analyst
111,4,Female,25-34,3,Participant,Participant
112,4,Female,25-34,3,Participant,Participant
113,4,Female,25-34,3,Participant,Participant
114,4,Female,18-24,3,Volunteer,Participant
115,4,Female,25-34,4,Participant,Volunteer
116,4,Female,18-24,3,Participant,Participant
117,4,Female,25-34,3,Participant,Participant
118,4,Female,35-44,6,Participant,Analyst
119,4,Male,35-44,4,Speaker,Volunteer
120,4,Female,35-44,3,Organizer,Participant
121,4,Male,18-24,3,Volunteer,Participant
122,5,Male,35-44,1,Volunteer,Coordinator
123,5,Male,35-44,2,Organizer,Organizer
124,5,Female,25-34,3,Organizer,Participant
125,5,Male,18-24,4,Volunteer,Volunteer
126,5,Male,35-44,5,Participant,Speaker
127,5,Male,25-34,5,Volunteer,Speaker
128,5,Male,45-54,3,Volunteer,Participant
129,5,Male,55+,3,Participant,Participant
130,6,Male,25-34,1,Participant,Coordinator
131,6,Female,25-34,2,Speaker,Organizer
132,6,Male,25-34,5,Participant,Speaker
133,6,Male,35-44,3,Volunteer,Participant
134,6,Male,35-44,4,Participant,Volunteer
135,6,Female,25-34,3,Volunteer,Participant
136,6,Female,45-54,3,Volunteer,Participant
137,6,Male,25-34,3,Organizer,Participant
138,6,Female,45-54,4,Participant,Volunteer
139,6,Female,18-24,3,Organizer,Participant
140,6,Female,55+,3,Participant,Participant
141,6,Male,35-44,3,Participant,Participant
142,6,Female,25-34,4,Participant,Volunteer
143,6,Male,25-34,3,Participant,Participant
144,6,Male,25-34,5,Volunteer,Speaker
145,6,Female,25-34,3,Participant,Participant
146,6,Female,18-24,3,Participant,Participant
147,6,Male,35-44,5,Participant,Speaker
148,6,Male,25-34,4,Volunteer,Volunteer
149,6,Male,35-44,3,Participant,Participant
150,6,Male,45-54,3,Participant,Participant
151,6,Female,25-34,5,Participant,Speaker
152,6,Female,35-44,3,Participant,Participant
153,6,Female,18-24,3,Participant,Participant
154,6,Female,35-44,3,Participant,Participant
155,7,Female,35-44,1,Organizer,Coordinator
156,7,Male,35-44,2,Participant,Organizer
157,7,Female,25-34,4,Participant,Volunteer
158,7,Female,25-34,3,Volunteer,Participant
159,7,Female,35-44,4,Participant,Volunteer
160,8,Male,25-34,1,Participant,Coordinator
161,8,Male,25-34,2,Participant,Organizer
162,8,Female,35-44,3,Participant,Participant
163,8,Female,18-24,4,Volunteer,Volunteer
164,8,Female,55+,4,Participant,Volunteer
165,8,Male,35-44,3,Organizer,Participant
166,8,Female,35-44,3,Participant,Participant
167,8,Male,18-24,3,Participant,Participant
168,8,Male,25-34,3,Participant,Participant
169,8,Female,25-34,3,Volunteer,Participant
170,8,Male,45-54,3,Speaker,Participant
171,8,Female,18-24,5,Participant,Speaker
172,8,Male,25-34,4,Participant,Volunteer
173,8,Male,55+,3,Participant,Participant
174,8,Female,25-34,3,Participant,Participant
175,8,Female,25-34,3,Participant,Participant
176,8,Female,18-24,4,Participant,Volunteer
177,8,Female,55+,4,Participant,Volunteer
178,8,Female,18-24,3,Volunteer,Participant
179,8,Female,35-44,3,Organizer,Participant
180,8,Male,35-44,3,Participant,Participant
181,9,Male,45-54,1,Participant,Coordinator
182,9,Male,18-24,2,Participant,Organizer
183,9,Male,18-24,5,Participant,Speaker
184,9,Male,35-44,4,Participant,Volunteer
185,9,Female,25-34,4,Participant,Volunteer
186,9,Female,25-34,3,Participant,Participant
187,9,Male,35-44,3,Participant,Participant
188,9,Female,25-34,6,Participant,Analyst
189,9,Male,25-34,3,Participant,Participant
190,9,Male,25-34,4,Participant,Volunteer
191,9,Female,35-44,4,Participant,Volunteer
192,9,Male,35-44,4,Participant,Volunteer
193,9,Male,25-34,5,Participant,Speaker
194,9,Male,25-34,3,Organizer,Participant
195,9,Female,18-24,3,Participant,Participant
196,9,Female,18-24,3,Participant,Participant
197,9,Female,35-44,3,Participant,Participant
198,9,Female,25-34,3,Participant,Participant
199,9,Female,18-24,5,Participant,Speaker
200,9,Male,35-44,4,Volunteer,Volunteer
201,9,Female,35-44,4,Volunteer,Volunteer
202,9,Male,35-44,3,Speaker,Participant
203,9,Male,25-34,3,Organizer,Participant
204,9,Male,25-34,4,Speaker,Volunteer
205,9,Female,25-34,4,Organizer,Volunteer
206,10,Female,18-24,1,Speaker,Coordinator
207,10,Male,18-24,2,Participant,Organizer
208,10,Female,25-34,3,Participant,Participant
209,10,Male,25-34,3,Organizer,Participant
210,10,Male,25-34,6,Participant,Analyst
211,10,Female,55+,5,Participant,Speaker
212,10,Female,55+,3,Participant,Participant
213,10,Female,55+,3,Participant,Participant
214,10,Female,35-44,5,Participant,Speaker
215,10,Male,25-34,4,Participant,Volunteer
216,10,Female,25-34,3,Organizer,Participant
217,10,Male,25-34,3,Organizer,Participant
218,10,Female,45-54,3,Participant,Participant
219,10,Male,18-24,3,Participant,Participant
220,10,Female,25-34,3,Volunteer,Participant
221,10,Female,18-24,4,Participant,Volunteer
222,10,Female,25-34,3,Speaker,Participant
223,10,Male,45-54,4,Participant,Volunteer
224,10,Male,35-44,5,Participant,Speaker
225,10,Male,25-34,3,Participant,Participant
226,11,Female,45-54,1,Participant,Coordinator
227,11,Male,25-34,2,Organizer,Organizer
228,11,Male,25-34,3,Participant,Participant
229,11,Female,45-54,3,Participant,Participant
230,11,Female,35-44,5,Participant,Speaker
231,11,Female,25-34,4,Organizer,Volunteer
232,11,Female,35-44,3,Participant,Participant
233,11,Male,45-54,3,Participant,Participant
234,11,Female,35-44,3,Participant,Participant
235,11,Female,35-44,3,Participant,Participant
236,11,Male,25-34,4,Participant,Volunteer
237,11,Female,25-34,4,Volunteer,Volunteer
238,11,Male,25-34,6,Participant,Analyst
239,11,Female,45-54,5,Participant,Speaker
240,11,Male,45-54,3,Participant,Participant
241,11,Female,45-54,4,Participant,Volunteer
242,11,Female,18-24,3,Organizer,Participant
243,11,Female,35-44,4,Volunteer,Volunteer
244,11,Female,35-44,4,Participant,Volunteer
245,11,Male,35-44,3,Participant,Participant
246,11,Male,35-44,3,Participant,Participant
247,11,Male,45-54,4,Speaker,Volunteer
248,11,Female,25-34,4,Participant,Volunteer
249,11,Female,25-34,6,Participant,Analyst
250,11,Female,18-24,3,Speaker,Participant
251,11,Male,25-34,3,Participant,Participant
252,11,Male,35-44,3,Participant,Participant
253,11,Female,35-44,4,Volunteer,Volunteer
254,11,Female,25-34,4,Organizer,Volunteer
255,11,Female,18-24,5,Participant,Speaker
256,11,Male,35-44,3,Participant,Participant
257,11,Male,18-24,3,Participant,Participant
258,12,Male,45-54,1,Volunteer,Coordinator
259,12,Male,35-44,2,Participant,Organizer
260,12,Male,35-44,3,Volunteer,Participant
261,12,Female,25-34,3,Volunteer,Participant
262,12,Male,55+,4,Organizer,Volunteer
263,12,Male,18-24,3,Participant,Participant
264,12,Male,35-44,3,Participant,Participant
265,12,Female,25-34,6,Participant,Analyst
266,12,Female,25-34,4,Participant,Volunteer
267,12,Female,25-34,3,Organizer,Participant
268,12,Female,55+,3,Participant,Participant
269,12,Female,55+,3,Volunteer,Participant
270,12,Male,25-34,3,Participant,Participant
271,12,Female,18-24,3,Organizer,Participant
272,12,Female,35-44,3,Participant,Participant
273,12,Female,25-34,3,Organizer,Participant
274,12,Female,18-24,3,Volunteer,Participant
275,12,Female,35-44,3,Participant,Participant
276,12,Female,25-34,4,Participant,Volunteer
277,12,Female,55+,5,Participant,Speaker
278,12,Male,25-34,3,Participant,Participant
279,12,Male,25-34,3,Participant,Participant
280,12,Female,25-34,3,Volunteer,Participant
281,12,Female,35-44,3,Participant,Participant
282,12,Male,25-34,3,Organizer,Participant
283,12,Female,35-44,3,Participant,Participant
284,12,Female,25-34,5,Participant,Speaker
285,12,Male,45-54,4,Speaker,Volunteer
286,12,Female,25-34,5,Organizer,Speaker
287,12,Male,18-24,4,Participant,Volunteer
288,12,Male,35-44,6,Participant,Analyst
289,12,Female,25-34,3,Participant,Participant
290,12,Female,18-24,3,Speaker,Participant
291,12,Male,45-54,6,Participant,Analyst
292,12,Female,25-34,3,Participant,Participant
293,12,Female,35-44,3,Organizer,Participant
294,12,Male,25-34,5,Participant,Speaker
295,12,Female,35-44,3,Speaker,Participant
296,12,Female,18-24,3,Participant,Participant
297,12,Male,25-34,5,Organizer,Speaker
298,12,Female,55+,4,Speaker,Volunteer
299,13,Male,18-24,1,Organizer,Coordinator
300,13,Male,35-44,2,Volunteer,Organizer
301,13,Female,18-24,4,Volunteer,Volunteer
302,13,Female,25-34,3,Participant,Participant
303,13,Male,18-24,3,Participant,Participant
304,13,Male,35-44,3,Participant,Participant
305,13,Female,18-24,3,Participant,Participant
306,13,Female,35-44,4,Participant,Volunteer
307,13,Female,55+,3,Participant,Participant
308,13,Female,18-24,3,Speaker,Participant
309,13,Male,18-24,3,Participant,Participant
310,13,Female,25-34,6,Volunteer,Analyst
311,13,Male,45-54,4,Volunteer,Volunteer
312,13,Male,25-34,6,Participant,Analyst
313,13,Female,25-34,3,Participant,Participant
314,13,Male,18-24,3,Participant,Participant
315,13,Female,35-44,3,Participant,Participant
316,13,Male,25-34,3,Organizer,Participant
317,13,Male,35-44,3,Organizer,Participant
318,13,Male,45-54,3,Participant,Participant
319,13,Male,25-34,5,Organizer,Speaker
320,13,Female,45-54,3,Participant,Participant
321,14,Male,35-44,1,Participant,Coordinator
322,14,Female,25-34,2,Participant,Organizer
323,14,Male,25-34,3,Participant,Participant
324,14,Male,25-34,6,Participant,Analyst
325,14,Female,35-44,4,Participant,Volunteer
326,14,Female,25-34,4,Participant,Volunteer
327,14,Male,18-24,3,Volunteer,Participant
328,14,Male,45-54,6,Participant,Analyst
329,14,Female,18-24,3,Participant,Participant
330,14,Male,55+,6,Participant,Analyst
331,14,Female,18-24,3,Volunteer,Participant
332,14,Female,35-44,3,Organizer,Participant
333,14,Female,18-24,4,Volunteer,Volunteer
334,14,Male,45-54,3,Participant,Participant
335,14,Male,25-34,3,Participant,Participant
336,15,Male,25-34,1,Participant,Coordinator
337,15,Female,18-24,2,Participant,Organizer
338,15,Female,25-34,4,Volunteer,Volunteer
339,15,Female,45-54,4,Participant,Volunteer
340,15,Male,25-34,4,Participant,Volunteer
341,15,Female,45-54,4,Speaker,Volunteer
342,15,Male,25-34,4,Volunteer,Volunteer
343,15,Female,45-54,3,Participant,Participant
344,15,Male,35-44,5,Organizer,Speaker
345,15,Male,18-24,5,Participant,Speaker
346,15,Female,35-44,4,Volunteer,Volunteer
347,15,Female,18-24,4,Organizer,Volunteer
348,15,Female,25-34,3,Participant,Participant
349,15,Female,45-54,5,Participant,Speaker
350,16,Female,45-54,1,Participant,Coordinator
351,16,Male,25-34,2,Participant,Organizer
352,16,Female,25-34,4,Organizer,Volunteer
353,16,Male,45-54,4,Speaker,Volunteer
354,16,Male,18-24,3,Participant,Participant
355,16,Male,25-34,3,Organizer,Participant
356,16,Male,45-54,3,Volunteer,Participant
357,16,Female,25-34,3,Organizer,Participant
358,16,Female,18-24,5,Participant,Speaker
359,16,Female,25-34,5,Participant,Speaker
360,16,Female,45-54,3,Organizer,Participant
361,16,Female,35-44,3,Speaker,Participant
362,16,Male,25-34,3,Speaker,Participant
363,16,Male,25-34,3,Participant,Participant
364,16,Female,25-34,3,Participant,Participant
365,16,Male,35-44,5,Participant,Speaker
366,16,Male,35-44,3,Participant,Participant
367,16,Male,18-24,3,Participant,Participant
368,16,Male,45-54,3,Volunteer,Participant
369,16,Female,18-24,3,Participant,Participant
370,16,Female,25-34,3,Participant,Participant
371,16,Female,18-24,6,Participant,Analyst
372,16,Female,25-34,3,Participant,Participant
373,16,Male,25-34,3,Organizer,Participant
374,17,Male,45-54,1,Participant,Coordinator
375,17,Male,25-34,2,Volunteer,Organizer
376,17,Male,45-54,3,Participant,Participant
377,17,Female,35-44,3,Speaker,Participant
378,17,Female,18-24,3,Volunteer,Participant
379,17,Female,25-34,3,Volunteer,Participant
380,17,Female,35-44,4,Participant,Volunteer
381,18,Female,25-34,1,Organizer,Coordinator
382,18,Male,18-24,2,Participant,Organizer
383,18,Female,35-44,3,Participant,Participant
384,18,Male,25-34,3,Participant,Participant
385,18,Female,25-34,3,Speaker,Participant
386,18,Male,25-34,3,Participant,Participant
387,18,Male,25-34,4,Volunteer,Volunteer
388,18,Male,35-44,3,Volunteer,Participant
389,18,Female,25-34,3,Participant,Participant
390,18,Male,35-44,4,Volunteer,Volunteer
391,18,Male,45-54,3,Participant,Participant
392,18,Female,25-34,3,Volunteer,Participant
393,18,Female,35-44,6,Participant,Analyst
394,18,Female,45-54,6,Organizer,Analyst
395,18,Male,25-34,3,Organizer,Participant
396,18,Female,25-34,3,Participant,Participant
397,18,Female,35-44,3,Organizer,Participant
398,18,Male,35-44,5,Volunteer,Speaker
399,18,Female,45-54,4,Volunteer,Volunteer
400,18,Female,25-34,4,Organizer,Volunteer
401,18,Male,55+,3,Participant,Participant
402,18,Male,18-24,3,Participant,Participant
403,19,Female,35-44,1,Participant,Coordinator
404,19,Female,25-34,2,Participant,Organizer
405,19,Female,45-54,5,Participant,Speaker
406,19,Male,25-34,5,Participant,Speaker
407,19,Male,25-34,4,Participant,Volunteer
408,19,Male,18-24,3,Participant,Participant
409,19,Female,25-34,3,Participant,Participant
410,19,Female,18-24,3,Organizer,Participant
411,19,Male,35-44,5,Participant,Speaker
412,19,Male,45-54,3,Participant,Participant
413,19,Female,25-34,5,Volunteer,Speaker
414,19,Male,25-34,4,Participant,Volunteer
415,19,Female,18-24,3,Organizer,Participant
416,19,Female,25-34,3,Volunteer,Participant
417,19,Female,25-34,4,Participant,Volunteer
418,19,Male,35-44,5,Participant,Speaker
419,20,Female,18-24,1,Volunteer,Coordinator
420,20,Female,25-34,2,Participant,Organizer
421,20,Male,25-34,3,Participant,Participant
422,20,Female,45-54,3,Volunteer,Participant
423,20,Male,25-34,5,Participant,Speaker
424,20,Male,18-24,6,Organizer,Analyst
425,20,Female,35-44,4,Participant,Volunteer
426,20,Male,35-44,5,Participant,Speaker
427,20,Male,18-24,4,Volunteer,Volunteer
428,20,Male,45-54,3,Participant,Participant
429,20,Male,25-34,4,Participant,Volunteer
430,20,Male,25-34,3,Participant,Participant
431,20,Female,25-34,3,Volunteer,Participant
432,20,Female,35-44,3,Organizer,Participant
433,20,Male,25-34,3,Participant,Participant
434,20,Male,45-54,3,Participant,Participant
435,20,Female,35-44,3,Participant,Participant
436,20,Female,35-44,4,Participant,Volunteer
437,20,Male,35-44,4,Participant,Volunteer
438,20,Male,35-44,3,Participant,Participant
439,20,Male,18-24,3,Volunteer,Participant
440,20,Male,25-34,4,Participant,Volunteer
441,20,Female,45-54,5,Participant,Speaker
442,20,Female,18-24,3,Participant,Participant
443,20,Male,35-44,3,Volunteer,Participant
444,20,Female,55+,4,Volunteer,Volunteer
445,20,Female,18-24,4,Participant,Volunteer
446,20,Female,35-44,3,Participant,Participant
447,20,Male,25-34,3,Speaker,Participant
448,20,Male,35-44,3,Participant,Participant
449,20,Female,18-24,4,Participant,Volunteer
450,20,Female,18-24,3,Volunteer,Participant
451,20,Male,35-44,3,Participant,Participant
452,20,Male,45-54,4,Volunteer,Volunteer
453,21,Male,18-24,1,Speaker,Coordinator
454,21,Female,25-34,2,Participant,Organizer
455,21,Female,25-34,3,Participant,Participant
456,21,Male,35-44,3,Participant,Participant
457,21,Female,25-34,3,Participant,Participant
458,21,Male,55+,6,Participant,Analyst
459,21,Female,55+,3,Participant,Participant
460,21,Male,35-44,5,Participant,Speaker
461,21,Male,45-54,3,Organizer,Participant
462,21,Male,35-44,3,Volunteer,Participant
463,21,Female,25-34,4,Participant,Volunteer
464,21,Male,25-34,4,Participant,Volunteer
465,21,Female,25-34,6,Speaker,Analyst
466,21,Female,35-44,3,Volunteer,Participant
467,21,Male,45-54,4,Participant,Volunteer
468,21,Male,25-34,3,Participant,Participant
469,21,Male,45-54,4,Speaker,Volunteer
470,21,Female,35-44,4,Volunteer,Volunteer
471,21,Female,18-24,4,Volunteer,Volunteer
472,22,Male,35-44,1,Participant,Coordinator
473,22,Female,18-24,2,Participant,Organizer
474,22,Female,18-24,3,Participant,Participant
475,22,Male,18-24,3,Participant,Participant
476,22,Female,25-34,3,Volunteer,Participant
477,22,Male,25-34,3,Participant,Participant
478,22,Female,35-44,5,Volunteer,Speaker
479,22,Female,55+,3,Volunteer,Participant
480,22,Male,25-34,5,Volunteer,Speaker
481,22,Female,35-44,3,Participant,Participant
482,22,Female,25-34,3,Participant,Participant
483,22,Female,45-54,3,Organizer,Participant
484,22,Male,45-54,4,Participant,Volunteer
485,22,Female,45-54,3,Volunteer,Participant
486,22,Male,55+,3,Organizer,Participant
487,22,Female,18-24,5,Organizer,Speaker
488,22,Male,45-54,4,Volunteer,Volunteer
489,22,Male,35-44,3,Volunteer,Participant
490,22,Female,25-34,3,Participant,Participant
491,22,Female,55+,3,Participant,Participant
492,22,Female,18-24,5,Participant,Speaker
493,23,Female,25-34,1,Participant,Coordinator
494,23,Female,25-34,2,Speaker,Organizer
495,23,Male,35-44,3,Participant,Participant
496,23,Female,35-44,4,Participant,Volunteer
497,23,Female,25-34,3,Participant,Participant
498,23,Male,35-44,3,Volunteer,Participant
499,23,Female,35-44,3,Participant,Participant
500,23,Female,45-54,3,Participant,Participant
501,23,Female,45-54,4,Participant,Volunteer
502,23,Female,25-34,3,Speaker,Participant
503,23,Male,25-34,4,Participant,Volunteer
504,23,Female,18-24,3,Volunteer,Participant
505,24,Male,18-24,1,Participant,Coordinator
506,24,Female,35-44,2,Volunteer,Organizer
507,24,Male,18-24,5,Speaker,Speaker
508,24,Female,35-44,4,Participant,Volunteer
509,24,Female,35-44,3,Participant,Participant
510,24,Female,45-54,3,Participant,Participant
511,24,Female,18-24,3,Participant,Participant
512,24,Male,25-34,5,Participant,Speaker
513,24,Female,25-34,5,Participant,Speaker
514,24,Female,35-44,3,Participant,Participant
515,24,Male,25-34,3,Participant,Participant
516,24,Female,25-34,4,Organizer,Volunteer
517,24,Female,25-34,3,Participant,Participant
518,24,Female,25-34,6,Volunteer,Analyst
519,24,Female,25-34,4,Organizer,Volunteer
520,24,Female,18-24,4,Volunteer,Volunteer
521,24,Male,55+,4,Speaker,Volunteer
522,24,Female,35-44,3,Speaker,Participant
523,24,Female,55+,5,Organizer,Speaker
524,24,Male,25-34,3,Speaker,Participant
525,24,Male,45-54,3,Participant,Participant
526,24,Female,45-54,6,Participant,Analyst
527,24,Female,35-44,3,Participant,Participant
528,24,Female,35-44,3,Participant,Participant
529,24,Female,25-34,3,Participant,Participant
530,24,Female,45-54,3,Volunteer,Participant
531,24,Female,25-34,4,Participant,Volunteer
532,24,Male,18-24,4,Participant,Volunteer
533,25,Male,45-54,1,Volunteer,Coordinator
534,25,Female,18-24,2,Participant,Organizer
535,25,Male,35-44,3,Speaker,Participant
536,25,Female,35-44,3,Participant,Participant
537,25,Female,25-34,4,Participant,Volunteer
538,25,Male,18-24,3,Participant,Participant
539,25,Female,35-44,4,Organizer,Volunteer
540,25,Female,25-34,5,Organizer,Speaker
541,25,Female,45-54,3,Organizer,Participant
542,25,Male,25-34,3,Volunteer,Participant
543,25,Male,45-54,3,Participant,Participant
544,25,Female,25-34,3,Participant,Participant
545,25,Male,35-44,3,Participant,Participant
546,25,Female,35-44,3,Volunteer,Participant
547,25,Male,35-44,3,Participant,Participant
548,25,Male,25-34,3,Volunteer,Participant
549,25,Female,35-44,3,Participant,Participant
550,25,Female,25-34,3,Speaker,Participant
551,25,Female,35-44,3,Volunteer,Participant
552,25,Female,25-34,3,Participant,Participant
553,25,Female,45-54,4,Participant,Volunteer
554,25,Female,18-24,5,Volunteer,Speaker
555,25,Male,45-54,5,Organizer,Speaker
556,25,Female,45-54,4,Participant,Volunteer
557,26,Male,18-24,1,Participant,Coordinator
558,26,Male,25-34,2,Participant,Organizer
559,26,Male,35-44,3,Participant,Participant
560,26,Female,55+,5,Organizer,Speaker
561,26,Female,35-44,5,Participant,Speaker
562,26,Female,35-44,3,Volunteer,Participant
563,26,Male,45-54,5,Participant,Speaker
564,26,Female,25-34,3,Participant,Participant
565,26,Female,45-54,3,Participant,Participant
566,26,Male,18-24,3,Participant,Participant
567,26,Male,45-54,4,Participant,Volunteer
568,26,Female,25-34,3,Participant,Participant
569,26,Male,25-34,4,Volunteer,Volunteer
570,26,Female,25-34,3,Volunteer,Participant
571,26,Female,35-44,3,Participant,Participant
572,26,Female,18-24,3,Participant,Participant
573,26,Female,45-54,4,Volunteer,Volunteer
574,26,Female,45-54,3,Participant,Participant
575,26,Male,25-34,3,Organizer,Participant
576,26,Female,45-54,3,Participant,Participant
577,26,Female,35-44,3,Participant,Participant
578,26,Male,35-44,3,Participant,Participant
579,27,Male,18-24,1,Volunteer,Coordinator
580,27,Male,55+,2,Participant,Organizer
581,27,Male,35-44,5,Participant,Speaker
582,27,Female,25-34,3,Volunteer,Participant
583,27,Male,45-54,3,Participant,Participant
584,27,Male,25-34,5,Participant,Speaker
585,27,Male,55+,4,Volunteer,Volunteer
586,27,Female,25-34,3,Volunteer,Participant
587,27,Male,18-24,3,Participant,Participant
588,27,Female,35-44,3,Participant,Participant
589,27,Female,35-44,3,Volunteer,Participant
590,27,Female,35-44,3,Participant,Participant
591,27,Male,55+,3,Participant,Participant
592,28,Male,35-44,1,Participant,Coordinator
593,28,Female,25-34,2,Participant,Organizer
594,28,Female,25-34,3,Speaker,Participant
595,28,Female,25-34,3,Participant,Participant
596,28,Female,25-34,3,Participant,Participant
597,28,Female,35-44,4,Participant,Volunteer
598,28,Female,35-44,3,Volunteer,Participant
599,28,Male,18-24,3,Participant,Participant
600,28,Male,25-34,4,Volunteer,Volunteer
601,28,Female,35-44,3,Volunteer,Participant
602,28,Male,25-34,5,Participant,Speaker
603,28,Female,35-44,6,Volunteer,Analyst
604,28,Female,25-34,4,Volunteer,Volunteer
605,28,Male,25-34,3,Participant,Participant
606,28,Female,18-24,3,Participant,Participant
607,28,Male,25-34,3,Volunteer,Participant
608,28,Female,35-44,5,Participant,Speaker
609,28,Female,25-34,5,Volunteer,Speaker
610,28,Female,35-44,3,Participant,Participant
611,28,Male,45-54,3,Participant,Participant
612,28,Male,25-34,3,Participant,Participant
613,28,Male,35-44,3,Volunteer,Participant
614,28,Female,25-34,4,Participant,Volunteer
615,28,Female,25-34,6,Volunteer,Analyst
616,28,Female,35-44,5,Volunteer,Speaker
617,28,Female,25-34,4,Participant,Volunteer
618,28,Male,35-44,3,Participant,Participant
619,28,Female,25-34,3,Participant,Participant
620,28,Male,35-44,3,Speaker,Participant
621,28,Male,45-54,5,Volunteer,Speaker
622,28,Female,45-54,3,Organizer,Participant
623,28,Male,35-44,3,Participant,Participant
624,28,Female,35-44,3,Organizer,Participant
625,28,Female,25-34,5,Participant,Speaker
626,28,Female,35-44,3,Participant,Participant
627,29,Female,25-34,1,Volunteer,Coordinator
628,29,Female,25-34,2,Organizer,Organizer
629,29,Male,35-44,5,Participant,Speaker
630,29,Female,35-44,3,Participant,Participant
631,29,Female,25-34,6,Organizer,Analyst
632,29,Female,25-34,3,Volunteer,Participant
633,29,Female,25-34,4,Participant,Volunteer
634,29,Male,45-54,3,Organizer,Participant
635,29,Male,25-34,3,Participant,Participant
636,29,Male,45-54,6,Organizer,Analyst
637,29,Female,25-34,4,Organizer,Volunteer
638,29,Male,55+,3,Participant,Participant
639,29,Male,45-54,3,Participant,Participant
640,29,Male,25-34,5,Participant,Speaker
641,30,Male,35-44,1,Participant,Coordinator
642,30,Male,25-34,2,Participant,Organizer
643,30,Male,55+,3,Participant,Participant
644,30,Male,35-44,5,Participant,Speaker
645,30,Male,25-34,3,Volunteer,Participant
646,30,Female,45-54,3,Participant,Participant
647,30,Male,45-54,3,Organizer,Participant
648,30,Female,18-24,6,Organizer,Analyst
649,30,Male,25-34,3,Participant,Participant
650,30,Male,25-34,6,Participant,Analyst
651,30,Female,35-44,3,Organizer,Participant
652,30,Female,35-44,3,Participant,Participant
653,30,Male,35-44,4,Participant,Volunteer
654,30,Male,55+,3,Volunteer,Participant
655,30,Female,35-44,3,Participant,Participant
656,30,Male,18-24,3,Speaker,Participant
657,31,Female,25-34,1,Participant,Coordinator
658,31,Male,18-24,2,Participant,Organizer
659,31,Male,45-54,4,Participant,Volunteer
660,31,Female,35-44,3,Organizer,Participant
661,31,Male,35-44,3,Volunteer,Participant
662,32,Female,35-44,1,Participant,Coordinator
663,32,Male,18-24,2,Participant,Organizer
664,32,Female,35-44,3,Volunteer,Participant
665,32,Male,25-34,3,Volunteer,Participant
666,32,Female,25-34,5,Participant,Speaker
667,32,Female,45-54,4,Participant,Volunteer
668,32,Female,45-54,3,Speaker,Participant
669,32,Female,45-54,3,Participant,Participant
670,32,Female,25-34,3,Participant,Participant
671,32,Male,35-44,3,Volunteer,Participant
672,32,Male,25-34,4,Participant,Volunteer
673,32,Female,45-54,3,Participant,Participant
674,32,Female,25-34,3,Participant,Participant
675,32,Female,55+,3,Participant,Participant
676,32,Male,45-54,3,Participant,Participant
677,32,Male,35-44,6,Speaker,Analyst
678,32,Male,25-34,4,Volunteer,Volunteer
679,32,Female,18-24,4,Participant,Volunteer
680,32,Female,45-54,3,Volunteer,Participant
681,32,Female,18-24,4,Participant,Volunteer
682,32,Male,45-54,4,Participant,Volunteer
683,32,Female,25-34,4,Volunteer,Volunteer
684,32,Male,25-34,3,Participant,Participant
685,32,Male,45-54,3,Participant,Participant
686,32,Female,35-44,4,Organizer,Volunteer
687,33,Male,45-54,1,Participant,Coordinator
688,33,Female,45-54,2,Participant,Organizer
689,33,Male,45-54,4,Participant,Volunteer
690,33,Female,25-34,3,Participant,Participant
691,33,Male,25-34,5,Organizer,Speaker
692,33,Female,35-44,6,Participant,Analyst
693,33,Male,25-34,6,Volunteer,Analyst
694,33,Female,18-24,3,Participant,Participant
695,33,Male,25-34,3,Participant,Participant
696,33,Male,25-34,4,Participant,Volunteer
697,33,Male,25-34,3,Participant,Participant
698,33,Male,25-34,5,Participant,Speaker
699,33,Male,25-34,3,Organizer,Participant
700,33,Female,18-24,5,Participant,Speaker
701,33,Female,35-44,3,Participant,Participant
702,33,Female,35-44,3,Organizer,Participant
703,33,Male,35-44,6,Volunteer,Analyst
704,33,Male,25-34,3,Volunteer,Participant
705,33,Female,25-34,3,Participant,Participant
706,33,Male,35-44,5,Participant,Speaker
707,33,Male,35-44,4,Participant,Volunteer
708,33,Male,25-34,3,Organizer,Participant
709,33,Female,25-34,3,Participant,Participant
710,33,Female,45-54,6,Participant,Analyst
711,33,Male,25-34,5,Volunteer,Speaker
712,33,Male,25-34,3,Participant,Participant
713,33,Female,35-44,3,Participant,Participant
714,33,Female,25-34,6,Participant,Analyst
715,34,Male,18-24,1,Participant,Coordinator
716,34,Male,25-34,2,Participant,Organizer
717,34,Male,18-24,3,Organizer,Participant
718,34,Female,35-44,3,Participant,Participant
719,34,Female,25-34,6,Participant,Analyst
720,34,Female,45-54,3,Participant,Participant
721,34,Female,35-44,5,Volunteer,Speaker
722,34,Female,35-44,3,Volunteer,Participant
723,34,Male,35-44,4,Participant,Volunteer
724,34,Female,45-54,3,Participant,Participant
725,34,Male,25-34,3,Volunteer,Participant
726,34,Female,45-54,3,Volunteer,Participant
727,34,Male,35-44,3,Participant,Participant
728,34,Female,35-44,3,Participant,Participant
729,34,Male,35-44,4,Volunteer,Volunteer
730,34,Male,25-34,3,Participant,Participant
731,34,Female,25-34,3,Participant,Participant
732,34,Female,35-44,3,Participant,Participant
733,34,Male,18-24,4,Volunteer,Volunteer
734,34,Female,35-44,3,Participant,Participant
735,35,Male,25-34,1,Participant,Coordinator
736,35,Male,25-34,2,Participant,Organizer
737,35,Female,45-54,3,Participant,Participant
738,35,Male,55+,6,Participant,Analyst
739,35,Male,25-34,3,Volunteer,Participant
740,35,Female,35-44,3,Participant,Participant
741,35,Female,25-34,3,Participant,Participant
742,35,Female,25-34,3,Organizer,Participant
743,35,Male,25-34,3,Organizer,Participant
744,35,Female,25-34,4,Participant,Volunteer
745,35,Male,25-34,3,Volunteer,Participant
746,35,Male,25-34,4,Organizer,Volunteer
747,35,Female,18-24,6,Participant,Analyst
748,35,Male,45-54,3,Volunteer,Participant
749,35,Male,18-24,3,Participant,Participant
750,35,Female,25-34,3,Participant,Participant
751,36,Female,35-44,1,Volunteer,Coordinator
752,36,Male,35-44,2,Participant,Organizer
753,36,Female,35-44,3,Participant,Participant
754,36,Male,25-34,3,Participant,Participant
755,36,Female,45-54,3,Participant,Participant
756,36,Male,18-24,3,Participant,Participant
757,36,Male,18-24,3,Organizer,Participant
758,36,Male,25-34,3,Organizer,Participant
759,36,Female,18-24,4,Participant,Volunteer
760,36,Female,25-34,3,Participant,Participant
761,36,Female,45-54,4,Volunteer,Volunteer
762,36,Male,55+,4,Participant,Volunteer
763,36,Male,25-34,3,Participant,Participant
764,36,Female,25-34,3,Participant,Participant
765,36,Female,25-34,3,Participant,Participant
766,36,Female,25-34,5,Participant,Speaker
767,36,Male,18-24,4,Participant,Volunteer
768,36,Female,45-54,3,Participant,Participant
769,36,Male,25-34,3,Volunteer,Participant
770,36,Male,25-34,3,Participant,Participant
771,36,Female,18-24,4,Participant,Volunteer
772,36,Female,45-54,6,Participant,Analyst
773,36,Female,35-44,3,Participant,Participant
774,36,Female,55+,3,Organizer,Participant
775,36,Female,35-44,4,Volunteer,Volunteer
776,36,Female,25-34,4,Participant,Volunteer
777,36,Male,25-34,3,Organizer,Participant
778,36,Female,35-44,3,Participant,Participant
779,36,Female,25-34,3,Organizer,Participant
780,36,Male,35-44,3,Speaker,Participant
781,36,Male,18-24,3,Participant,Participant
782,36,Female,18-24,3,Organizer,Participant
783,36,Male,25-34,3,Participant,Participant
784,36,Female,35-44,4,Participant,Volunteer
785,37,Male,18-24,1,Speaker,Coordinator
786,37,Male,25-34,2,Participant,Organizer
787,37,Male,18-24,3,Participant,Participant
788,37,Female,55+,3,Organizer,Participant
789,37,Female,18-24,4,Volunteer,Volunteer
790,37,Male,18-24,5,Participant,Speaker
791,37,Male,45-54,4,Participant,Volunteer
792,37,Female,55+,4,Participant,Volunteer
793,37,Male,35-44,4,Volunteer,Volunteer
794,37,Female,18-24,3,Volunteer,Participant
795,37,Female,18-24,3,Participant,Participant
796,37,Female,25-34,3,Participant,Participant
797,37,Female,18-24,3,Volunteer,Participant
798,37,Female,18-24,3,Volunteer,Participant
799,37,Male,25-34,5,Participant,Speaker
800,37,Female,55+,5,Speaker,Speaker
801,37,Female,25-34,4,Volunteer,Volunteer
802,37,Female,35-44,6,Participant,Analyst
803,37,Female,35-44,3,Volunteer,Participant
804,37,Female,25-34,4,Participant,Volunteer
805,37,Male,35-44,3,Volunteer,Participant
806,37,Male,25-34,3,Volunteer,Participant
807,37,Male,18-24,3,Participant,Participant
808,37,Male,35-44,3,Organizer,Participant
809,37,Female,18-24,4,Volunteer,Volunteer
810,38,Male,25-34,1,Participant,Coordinator
811,38,Female,25-34,2,Participant,Organizer
812,38,Female,25-34,3,Participant,Participant
813,38,Male,25-34,4,Participant,Volunteer
814,38,Male,45-54,6,Participant,Analyst
815,38,Female,35-44,3,Volunteer,Participant
816,38,Female,35-44,3,Volunteer,Participant
817,38,Female,25-34,6,Participant,Analyst
818,38,Male,35-44,4,Participant,Volunteer
819,38,Male,35-44,6,Participant,Analyst
820,38,Female,18-24,4,Volunteer,Volunteer
821,38,Female,35-44,6,Volunteer,Analyst
822,38,Male,25-34,3,Speaker,Participant
823,38,Female,45-54,4,Volunteer,Volunteer
824,38,Female,25-34,4,Participant,Volunteer
825,38,Female,55+,3,Participant,Participant
826,38,Female,18-24,4,Participant,Volunteer
827,38,Female,35-44,3,Participant,Participant
828,38,Male,35-44,4,Participant,Volunteer
829,38,Male,35-44,3,Participant,Participant
830,38,Male,25-34,3,Participant,Participant
831,38,Male,25-34,3,Organizer,Participant
832,38,Female,35-44,6,Volunteer,Analyst
833,38,Male,25-34,3,Speaker,Participant
834,38,Female,25-34,3,Participant,Participant
835,38,Male,25-34,4,Participant,Volunteer
836,38,Male,25-34,3,Participant,Participant
837,38,Female,25-34,3,Participant,Participant
838,38,Female,25-34,3,Participant,Participant
839,38,Female,25-34,3,Participant,Participant
840,38,Female,35-44,3,Organizer,Participant
841,38,Female,35-44,5,Participant,Speaker
842,38,Male,45-54,3,Participant,Participant
843,38,Male,55+,3,Participant,Participant
844,38,Female,25-34,4,Participant,Volunteer
845,38,Female,18-24,3,Participant,Participant
846,38,Female,18-24,3,Organizer,Participant
847,38,Male,25-34,3,Participant,Participant
848,38,Female,45-54,3,Participant,Participant
849,39,Male,25-34,1,Participant,Coordinator
850,39,Female,25-34,2,Participant,Organizer
851,39,Female,25-34,3,Speaker,Participant
852,39,Male,25-34,3,Participant,Participant
853,39,Female,25-34,4,Volunteer,Volunteer
854,39,Male,35-44,3,Participant,Participant
855,39,Female,45-54,6,Organizer,Analyst
856,39,Male,25-34,5,Participant,Speaker
857,39,Female,25-34,4,Participant,Volunteer
858,40,Female,25-34,1,Organizer,Coordinator
859,40,Male,25-34,2,Volunteer,Organizer
860,40,Female,25-34,5,Volunteer,Speaker
861,40,Female,25-34,3,Volunteer,Participant
862,40,Male,18-24,3,Participant,Participant
863,40,Female,25-34,4,Organizer,Volunteer
864,40,Male,45-54,3,Volunteer,Participant
865,40,Female,25-34,3,Participant,Participant
866,40,Female,25-34,3,Volunteer,Participant
867,40,Female,18-24,6,Volunteer,Analyst
868,40,Female,25-34,3,Participant,Participant
869,40,Female,45-54,3,Organizer,Participant
870,40,Male,18-24,3,Participant,Participant
871,40,Male,25-34,3,Speaker,Participant
872,40,Male,18-24,3,Participant,Participant
873,40,Female,25-34,3,Volunteer,Participant
874,41,Male,25-34,1,Participant,Coordinator
875,41,Male,45-54,2,Participant,Organizer
876,41,Male,55+,3,Volunteer,Participant
877,41,Female,35-44,3,Participant,Participant
878,41,Female,35-44,4,Participant,Volunteer
879,41,Female,35-44,3,Participant,Participant
880,41,Male,18-24,4,Participant,Volunteer
881,41,Female,18-24,4,Participant,Volunteer
882,42,Female,25-34,1,Organizer,Coordinator
883,42,Male,25-34,2,Volunteer,Organizer
884,42,Female,18-24,3,Participant,Participant
885,42,Male,25-34,3,Participant,Participant
886,42,Female,55+,3,Volunteer,Participant
887,42,Male,45-54,3,Participant,Participant
888,42,Female,35-44,3,Participant,Participant
889,42,Female,25-34,3,Participant,Participant
890,42,Female,35-44,5,Organizer,Speaker
891,42,Female,35-44,4,Participant,Volunteer
892,42,Male,35-44,3,Participant,Participant
893,42,Female,18-24,5,Participant,Speaker
894,42,Male,35-44,3,Participant,Participant
895,42,Female,35-44,3,Participant,Participant
896,42,Female,55+,3,Organizer,Participant
897,42,Male,18-24,3,Participant,Participant
898,42,Female,35-44,3,Participant,Participant
899,42,Male,35-44,3,Participant,Participant
900,42,Male,25-34,3,Participant,Participant
901,42,Male,18-24,3,Participant,Participant
902,42,Female,25-34,3,Participant,Participant
903,42,Male,25-34,4,Participant,Volunteer
904,42,Male,25-34,3,Participant,Participant
905,42,Male,35-44,3,Participant,Participant
906,42,Female,35-44,3,Volunteer,Participant
907,42,Male,35-44,3,Participant,Participant
908,42,Male,45-54,3,Participant,Participant
909,42,Male,25-34,3,Volunteer,Participant
910,42,Female,25-34,3,Participant,Participant
911,42,Female,35-44,4,Participant,Volunteer
912,42,Male,25-34,3,Organizer,Participant
913,42,Female,25-34,3,Participant,Participant
914,42,Male,25-34,3,Volunteer,Participant
915,43,Female,25-34,1,Participant,Coordinator
916,43,Female,45-54,2,Participant,Organizer
917,43,Female,18-24,4,Participant,Volunteer
918,43,Female,25-34,3,Participant,Participant
919,43,Female,35-44,5,Volunteer,Speaker
920,43,Male,45-54,5,Volunteer,Speaker
921,43,Male,35-44,3,Volunteer,Participant
922,43,Male,45-54,3,Participant,Participant
923,43,Male,18-24,4,Organizer,Volunteer
924,43,Male,25-34,4,Volunteer,Volunteer
925,43,Female,25-34,3,Volunteer,Participant
926,43,Male,45-54,3,Participant,Participant
927,43,Female,18-24,3,Participant,Participant
928,43,Female,18-24,5,Volunteer,Speaker
929,43,Male,25-34,4,Participant,Volunteer
930,43,Female,18-24,5,Organizer,Speaker
931,43,Female,25-34,5,Participant,Speaker
932,43,Female,55+,3,Participant,Participant
933,43,Female,25-34,3,Participant,Participant
934,43,Male,35-44,3,Organizer,Participant
935,43,Female,35-44,3,Organizer,Participant
936,43,Female,25-34,3,Organizer,Participant
937,43,Female,18-24,4,Participant,Volunteer
938,44,Male,18-24,1,Volunteer,Coordinator
939,44,Male,25-34,2,Participant,Organizer
940,44,Female,18-24,3,Participant,Participant
941,44,Male,35-44,4,Volunteer,Volunteer
942,44,Male,25-34,5,Participant,Speaker
943,44,Male,25-34,3,Participant,Participant
944,44,Male,18-24,3,Volunteer,Participant
945,44,Female,25-34,4,Volunteer,Volunteer
946,44,Male,45-54,3,Volunteer,Participant
947,44,Male,25-34,3,Organizer,Participant
948,44,Male,35-44,3,Participant,Participant
949,44,Female,35-44,3,Volunteer,Participant
950,44,Male,45-54,3,Participant,Participant
951,44,Male,18-24,3,Participant,Participant
952,44,Female,55+,5,Volunteer,Speaker
953,44,Female,35-44,4,Volunteer,Volunteer
954,44,Female,55+,4,Participant,Volunteer
955,44,Male,45-54,4,Participant,Volunteer
956,44,Male,25-34,3,Organizer,Participant
957,44,Male,18-24,4,Participant,Volunteer
958,44,Female,25-34,3,Volunteer,Participant
959,44,Male,25-34,5,Organizer,Speaker
960,44,Female,18-24,3,Volunteer,Participant
961,44,Female,18-24,3,Participant,Participant
962,44,Male,25-34,3,Participant,Participant
963,44,Male,18-24,4,Participant,Volunteer
964,44,Male,18-24,4,Volunteer,Volunteer
965,44,Male,25-34,4,Participant,Volunteer
966,44,Female,18-24,3,Participant,Participant
967,44,Female,25-34,3,Volunteer,Participant
968,44,Male,25-34,3,Participant,Participant
969,44,Male,25-34,3,Volunteer,Participant
970,45,Male,25-34,1,Participant,Coordinator
971,45,Female,25-34,2,Volunteer,Organizer
972,45,Male,18-24,3,Participant,Participant
973,45,Female,35-44,6,Participant,Analyst
974,45,Female,18-24,3,Speaker,Participant
975,45,Male,45-54,4,Participant,Volunteer
976,45,Female,18-24,5,Organizer,Speaker
977,45,Male,18-24,4,Participant,Volunteer
978,45,Female,25-34,5,Participant,Speaker
979,45,Female,35-44,4,Participant,Volunteer
980,45,Male,18-24,3,Volunteer,Participant
981,45,Female,25-34,4,Participant,Volunteer
982,45,Male,25-34,3,Participant,Participant
983,45,Male,25-34,4,Volunteer,Volunteer
984,45,Female,18-24,4,Volunteer,Volunteer
985,45,Female,45-54,5,Participant,Speaker
986,45,Female,25-34,4,Volunteer,Volunteer
987,45,Female,18-24,4,Volunteer,Volunteer
988,45,Female,45-54,4,Participant,Volunteer
989,45,Female,55+,3,Participant,Participant
990,45,Female,35-44,6,Participant,Analyst
991,45,Female,25-34,3,Volunteer,Participant
992,45,Male,45-54,3,Participant,Participant
993,45,Male,55+,4,Participant,Volunteer
994,45,Male,35-44,3,Participant,Participant
995,45,Female,25-34,3,Participant,Participant
996,45,Male,35-44,3,Participant,Participant
997,45,Female,35-44,3,Participant,Participant
998,45,Male,25-34,3,Participant,Participant
999,45,Male,25-34,5,Participant,Speaker
1000,45,Female,45-54,3,Organizer,Participant
1001,45,Male,35-44,3,Participant,Participant
1002,45,Male,25-34,3,Participant,Participant
1003,45,Male,35-44,3,Volunteer,Participant
1004,45,Male,18-24,3,Participant,Participant
1005,46,Male,25-34,1,Organizer,Coordinator
1006,46,Female,35-44,2,Participant,Organizer
1007,46,Female,45-54,3,Organizer,Participant
1008,46,Male,25-34,3,Organizer,Participant
1009,46,Male,45-54,3,Participant,Participant
1010,46,Male,25-34,4,Volunteer,Volunteer
1011,46,Female,25-34,3,Speaker,Participant
1012,46,Female,25-34,3,Participant,Participant
1013,46,Female,25-34,4,Participant,Volunteer
1014,46,Female,35-44,3,Participant,Participant
1015,46,Male,35-44,3,Organizer,Participant
1016,46,Male,45-54,3,Participant,Participant
1017,46,Female,55+,3,Participant,Participant
1018,46,Male,35-44,4,Volunteer,Volunteer
1019,46,Female,35-44,5,Participant,Speaker
1020,46,Male,25-34,4,Volunteer,Volunteer
1021,46,Female,25-34,3,Participant,Participant
1022,46,Female,18-24,5,Participant,Speaker
1023,46,Female,35-44,3,Participant,Participant
1024,46,Male,25-34,3,Volunteer,Participant
1025,46,Male,18-24,4,Participant,Volunteer
1026,46,Female,18-24,3,Participant,Participant
1027,46,Female,25-34,3,Participant,Participant
1028,46,Female,35-44,5,Organizer,Speaker
1029,46,Female,25-34,3,Participant,Participant
1030,46,Male,35-44,3,Volunteer,Participant
1031,46,Female,25-34,4,Volunteer,Volunteer
1032,46,Female,35-44,3,Participant,Participant
1033,46,Male,25-34,3,Participant,Participant
1034,47,Male,45-54,1,Participant,Coordinator
1035,47,Male,18-24,2,Participant,Organizer
1036,47,Male,35-44,4,Participant,Volunteer
1037,47,Male,45-54,3,Participant,Participant
1038,47,Male,25-34,3,Participant,Participant
1039,47,Female,18-24,3,Participant,Participant
1040,47,Female,18-24,3,Participant,Participant
1041,47,Male,35-44,4,Participant,Volunteer
1042,47,Female,35-44,4,Participant,Volunteer
1043,47,Female,45-54,3,Volunteer,Participant
1044,47,Female,35-44,4,Volunteer,Volunteer
1045,48,Female,35-44,1,Organizer,Coordinator
1046,48,Female,45-54,2,Organizer,Organizer
1047,48,Male,45-54,4,Organizer,Volunteer
1048,48,Female,25-34,3,Participant,Participant
1049,48,Female,45-54,3,Participant,Participant
1050,49,Female,25-34,1,Participant,Coordinator
1051,49,Female,25-34,2,Organizer,Organizer
1052,49,Female,55+,3,Volunteer,Participant
1053,49,Male,45-54,3,Organizer,Participant
1054,49,Male,35-44,4,Volunteer,Volunteer
1055,49,Female,25-34,3,Participant,Participant
1056,49,Male,25-34,3,Participant,Participant
1057,49,Female,25-34,3,Participant,Participant
1058,49,Female,45-54,5,Participant,Speaker
1059,49,Male,35-44,4,Participant,Volunteer
1060,49,Female,25-34,3,Participant,Participant
1061,49,Male,25-34,3,Participant,Participant
1062,49,Female,25-34,3,Participant,Participant
1063,49,Male,18-24,6,Speaker,Analyst
1064,49,Female,18-24,3,Participant,Participant
1065,49,Female,25-34,3,Volunteer,Participant
1066,49,Female,18-24,3,Speaker,Participant
1067,49,Male,18-24,3,Speaker,Participant
1068,49,Female,25-34,5,Volunteer,Speaker
1069,49,Male,18-24,3,Organizer,Participant
1070,49,Female,18-24,3,Participant,Participant
1071,49,Female,25-34,3,Participant,Participant
1072,49,Female,25-34,3,Participant,Participant
1073,49,Male,25-34,4,Participant,Volunteer
1074,49,Male,18-24,6,Participant,Analyst
1075,49,Female,35-44,3,Participant,Participant
1076,49,Male,45-54,4,Organizer,Volunteer
1077,49,Female,35-44,3,Participant,Participant
1078,49,Male,25-34,3,Participant,Participant
1079,49,Male,45-54,5,Speaker,Speaker
1080,50,Female,25-34,1,Volunteer,Coordinator
1081,50,Female,35-44,2,Participant,Organizer
1082,50,Female,18-24,3,Volunteer,Participant
1083,50,Female,55+,4,Volunteer,Volunteer
1084,50,Female,45-54,6,Participant,Analyst
1085,50,Female,35-44,3,Organizer,Participant
1086,50,Male,35-44,4,Volunteer,Volunteer
1087,50,Male,18-24,3,Participant,Participant
1088,50,Female,25-34,3,Volunteer,Participant
1089,50,Female,35-44,3,Participant,Participant
1090,50,Female,18-24,3,Volunteer,Participant
1091,50,Female,25-34,4,Participant,Volunteer
1092,50,Male,35-44,3,Participant,Participant
1093,50,Male,25-34,4,Speaker,Volunteer
1094,50,Male,45-54,3,Organizer,Participant
1095,50,Male,18-24,3,Participant,Participant
1096,50,Female,35-44,5,Organizer,Speaker
1097,50,Male,25-34,3,Participant,Participant
1098,50,Female,35-44,3,Participant,Participant
1099,50,Male,25-34,3,Participant,Participant
1100,50,Female,25-34,4,Participant,Volunteer
1101,50,Female,45-54,3,Speaker,Participant
1102,50,Female,25-34,4,Volunteer,Volunteer
1103,50,Female,25-34,3,Organizer,Participant
1104,50,Male,25-34,3,Participant,Participant
1105,50,Female,35-44,3,Volunteer,Participant
1106,50,Female,25-34,3,Participant,Participant
1107,51,Male,45-54,1,Volunteer,Coordinator
1108,51,Female,35-44,2,Participant,Organizer
1109,51,Male,25-34,3,Participant,Participant
1110,51,Male,55+,6,Volunteer,Analyst
1111,51,Male,18-24,4,Participant,Volunteer
1112,51,Male,45-54,5,Participant,Speaker
1113,51,Female,18-24,3,Participant,Participant
1114,51,Female,25-34,3,Organizer,Participant
1115,52,Female,18-24,1,Participant,Coordinator
1116,52,Female,25-34,2,Participant,Organizer
1117,52,Male,18-24,3,Participant,Participant
1118,52,Female,35-44,3,Participant,Participant
1119,52,Male,18-24,3,Participant,Participant
1120,52,Female,45-54,3,Participant,Participant
1121,52,Female,45-54,4,Volunteer,Volunteer
1122,52,Female,18-24,3,Volunteer,Participant
1123,52,Male,45-54,3,Participant,Participant
1124,52,Male,18-24,3,Organizer,Participant
1125,52,Male,25-34,3,Organizer,Participant
1126,52,Male,18-24,5,Participant,Speaker
1127,52,Male,25-34,4,Organizer,Volunteer
1128,52,Male,25-34,6,Participant,Analyst
1129,52,Male,35-44,3,Volunteer,Participant
1130,52,Male,25-34,3,Volunteer,Participant
1131,52,Female,35-44,3,Participant,Participant
1132,52,Female,25-34,4,Participant,Volunteer
1133,52,Male,35-44,3,Volunteer,Participant
1134,52,Male,25-34,3,Participant,Participant
1135,52,Female,18-24,3,Participant,Participant
1136,52,Male,25-34,6,Participant,Analyst
1137,52,Male,25-34,3,Participant,Participant
1138,52,Female,25-34,4,Participant,Volunteer
1139,52,Male,45-54,3,Volunteer,Participant
1140,52,Female,18-24,4,Organizer,Volunteer
1141,52,Female,35-44,3,Participant,Participant
1142,52,Female,35-44,3,Participant,Participant
1143,52,Female,45-54,5,Organizer,Speaker
1144,52,Male,25-34,4,Participant,Volunteer
1145,52,Female,25-34,4,Participant,Volunteer
1146,52,Female,45-54,3,Participant,Participant
1147,53,Female,45-54,1,Participant,Coordinator
1148,53,Male,45-54,2,Participant,Organizer
1149,53,Male,18-24,3,Participant,Participant
1150,53,Female,18-24,4,Participant,Volunteer
1151,53,Female,35-44,5,Participant,Speaker
1152,53,Female,25-34,3,Organizer,Participant
1153,53,Male,25-34,3,Volunteer,Participant
1154,53,Female,25-34,3,Volunteer,Participant
1155,53,Female,25-34,3,Volunteer,Participant
1156,53,Female,35-44,3,Volunteer,Participant
1157,53,Female,18-24,3,Participant,Participant
1158,53,Male,25-34,3,Participant,Participant
1159,53,Female,25-34,6,Participant,Analyst
1160,53,Male,35-44,3,Participant,Participant
1161,53,Female,18-24,3,Participant,Participant
1162,53,Female,25-34,4,Participant,Volunteer
1163,53,Male,35-44,5,Participant,Speaker
1164,53,Male,25-34,3,Volunteer,Participant
1165,53,Male,18-24,4,Participant,Volunteer
1166,53,Female,25-34,4,Participant,Volunteer
1167,53,Female,25-34,3,Volunteer,Participant
1168,53,Male,45-54,3,Participant,Participant
1169,53,Female,18-24,5,Speaker,Speaker
1170,53,Female,35-44,3,Participant,Participant
1171,53,Male,18-24,3,Volunteer,Participant
1172,53,Male,25-34,5,Participant,Speaker
1173,53,Male,25-34,3,Participant,Participant
1174,54,Male,25-34,1,Speaker,Coordinator
1175,54,Male,25-34,2,Participant,Organizer
1176,54,Male,35-44,3,Volunteer,Participant
1177,54,Male,35-44,3,Volunteer,Participant
1178,54,Female,35-44,6,Participant,Analyst
1179,54,Female,25-34,4,Volunteer,Volunteer
1180,54,Female,18-24,4,Participant,Volunteer
1181,54,Female,18-24,3,Participant,Participant
1182,54,Female,35-44,4,Organizer,Volunteer
1183,54,Female,45-54,3,Participant,Participant
1184,54,Male,45-54,4,Speaker,Volunteer
1185,54,Male,25-34,6,Participant,Analyst
1186,54,Female,35-44,5,Participant,Speaker
1187,55,Female,35-44,1,Participant,Coordinator
1188,55,Male,35-44,2,Participant,Organizer
1189,55,Female,35-44,5,Participant,Speaker
1190,55,Male,45-54,4,Volunteer,Volunteer
1191,55,Female,25-34,4,Participant,Volunteer
1192,55,Female,25-34,4,Participant,Volunteer
1193,55,Male,55+,4,Participant,Volunteer
1194,55,Female,25-34,3,Participant,Participant
1195,55,Female,18-24,3,Participant,Participant
1196,55,Male,25-34,4,Participant,Volunteer
1197,55,Female,18-24,4,Organizer,Volunteer
1198,55,Male,25-34,4,Volunteer,Volunteer
1199,55,Female,55+,4,Participant,Volunteer
1200,55,Male,25-34,6,Participant,Analyst
1201,55,Male,25-34,3,Participant,Participant
1202,55,Female,55+,3,Speaker,Participant
1203,55,Male,55+,3,Volunteer,Participant
1204,56,Male,35-44,1,Participant,Coordinator
1205,56,Female,25-34,2,Participant,Organizer
1206,56,Male,25-34,3,Participant,Participant
1207,56,Female,35-44,3,Organizer,Participant
1208,56,Female,25-34,3,Participant,Participant
1209,56,Female,25-34,3,Participant,Participant
1210,56,Male,25-34,5,Participant,Speaker
1211,56,Male,18-24,3,Volunteer,Participant
1212,56,Female,45-54,4,Participant,Volunteer
1213,56,Female,25-34,3,Participant,Participant
1214,56,Male,35-44,3,Participant,Participant
1215,56,Female,25-34,3,Participant,Participant
1216,56,Male,25-34,6,Speaker,Analyst
1217,56,Male,18-24,3,Participant,Participant
1218,56,Female,25-34,3,Volunteer,Participant
1219,56,Male,25-34,3,Organizer,Participant
1220,56,Female,35-44,3,Participant,Participant
1221,56,Male,45-54,3,Volunteer,Participant
1222,56,Male,25-34,4,Participant,Volunteer
1223,56,Female,18-24,3,Organizer,Participant
1224,56,Female,25-34,5,Volunteer,Speaker
1225,56,Male,18-24,6,Volunteer,Analyst
1226,56,Male,18-24,3,Organizer,Participant
1227,56,Female,25-34,3,Volunteer,Participant
1228,56,Male,25-34,3,Organizer,Participant
1229,56,Female,25-34,4,Organizer,Volunteer
1230,56,Female,18-24,3,Participant,Participant
1231,56,Male,18-24,3,Organizer,Participant
1232,56,Female,18-24,4,Participant,Volunteer
1233,56,Male,18-24,6,Participant,Analyst
1234,56,Female,25-34,3,Participant,Participant
1235,57,Female,18-24,1,Participant,Coordinator
1236,57,Female,18-24,2,Speaker,Organizer
1237,57,Male,18-24,3,Volunteer,Participant
1238,57,Female,18-24,3,Participant,Participant
1239,57,Female,35-44,3,Participant,Participant
1240,57,Female,35-44,3,Participant,Participant
1241,57,Female,35-44,5,Participant,Speaker
1242,57,Female,25-34,3,Volunteer,Participant
1243,57,Female,25-34,4,Participant,Volunteer
1244,57,Male,25-34,3,Volunteer,Participant
1245,57,Male,18-24,3,Participant,Participant
1246,58,Female,35-44,1,Participant,Coordinator
1247,58,Male,25-34,2,Volunteer,Organizer
1248,58,Female,18-24,3,Speaker,Participant
1249,58,Female,35-44,3,Participant,Participant
1250,58,Female,55+,3,Participant,Participant
1251,58,Female,35-44,3,Participant,Participant
1252,58,Male,25-34,3,Participant,Participant
1253,58,Male,25-34,3,Participant,Participant
1254,58,Male,25-34,3,Participant,Participant
1255,58,Female,35-44,3,Volunteer,Participant
1256,58,Male,35-44,4,Participant,Volunteer
1257,59,Female,45-54,1,Participant,Coordinator
1258,59,Female,45-54,2,Organizer,Organizer
1259,59,Female,18-24,3,Volunteer,Participant
1260,59,Male,25-34,3,Organizer,Participant
1261,59,Male,18-24,4,Participant,Volunteer
1262,59,Female,45-54,3,Speaker,Participant
1263,59,Male,25-34,5,Participant,Speaker
1264,59,Male,35-44,6,Participant,Analyst
1265,59,Male,35-44,4,Organizer,Volunteer
1266,59,Female,25-34,3,Participant,Participant
1267,59,Female,25-34,5,Participant,Speaker
1268,59,Female,55+,3,Organizer,Participant
1269,59,Male,55+,5,Participant,Speaker
1270,59,Female,25-34,3,Organizer,Participant
1271,59,Female,25-34,3,Participant,Participant
1272,59,Male,55+,4,Participant,Volunteer
1273,59,Male,18-24,3,Volunteer,Participant
1274,59,Male,25-34,3,Participant,Participant
1275,59,Female,18-24,6,Participant,Analyst
1276,59,Female,25-34,6,Participant,Analyst
1277,59,Male,18-24,3,Participant,Participant
1278,59,Female,25-34,6,Participant,Analyst
1279,59,Female,25-34,3,Speaker,Participant
1280,59,Female,25-34,3,Participant,Participant
1281,59,Female,55+,3,Participant,Participant
1282,59,Female,45-54,3,Organizer,Participant
1283,59,Male,45-54,3,Participant,Participant
1284,60,Male,45-54,1,Participant,Coordinator
1285,60,Male,25-34,2,Organizer,Organizer
1286,60,Male,25-34,3,Participant,Participant
1287,60,Male,18-24,3,Participant,Participant
1288,60,Male,55+,3,Participant,Participant
1289,60,Female,45-54,4,Participant,Volunteer
1290,60,Male,35-44,4,Participant,Volunteer
1291,60,Female,18-24,3,Participant,Participant
1292,60,Female,25-34,3,Volunteer,Participant
1293,60,Male,18-24,4,Volunteer,Volunteer
1294,60,Female,18-24,5,Participant,Speaker
1295,60,Male,35-44,3,Participant,Participant
1296,60,Female,55+,6,Volunteer,Analyst
1297,60,Male,45-54,3,Volunteer,Participant
1298,60,Female,35-44,3,Participant,Participant
1299,60,Male,18-24,3,Participant,Participant
1300,60,Male,25-34,5,Participant,Speaker
1301,60,Male,25-34,3,Participant,Participant
1302,60,Female,35-44,4,Participant,Volunteer
1303,60,Female,45-54,3,Participant,Participant
1304,60,Female,25-34,3,Participant,Participant
1305,60,Male,25-34,4,Organizer,Volunteer
1306,60,Male,18-24,4,Participant,Volunteer
1307,60,Female,25-34,3,Participant,Participant
1308,60,Male,25-34,4,Speaker,Volunteer
1309,60,Male,18-24,5,Participant,Speaker
1310,60,Female,25-34,3,Volunteer,Participant
1311,60,Male,45-54,4,Participant,Volunteer
1312,61,Male,25-34,1,Volunteer,Coordinator
1313,61,Female,25-34,2,Participant,Organizer
1314,61,Female,18-24,3,Speaker,Participant
1315,61,Female,25-34,4,Organizer,Volunteer
1316,61,Female,45-54,4,Organizer,Volunteer
1317,61,Female,45-54,3,Participant,Participant
1318,61,Female,35-44,6,Participant,Analyst
1319,61,Female,35-44,4,Participant,Volunteer
1320,61,Female,18-24,4,Participant,Volunteer
1321,61,Male,35-44,4,Participant,Volunteer
1322,61,Male,35-44,4,Speaker,Volunteer
1323,61,Female,25-34,4,Participant,Volunteer
1324,61,Female,45-54,5,Organizer,Speaker
1325,61,Female,25-34,4,Volunteer,Volunteer
1326,61,Male,25-34,3,Participant,Participant
1327,61,Female,35-44,3,Participant,Participant
1328,61,Female,35-44,4,Participant,Volunteer
1329,61,Female,35-44,3,Participant,Participant
1330,61,Male,18-24,3,Participant,Participant
1331,62,Male,18-24,1,Participant,Coordinator
1332,62,Female,55+,2,Participant,Organizer
1333,62,Male,35-44,4,Participant,Volunteer
1334,62,Male,18-24,3,Participant,Participant
1335,62,Female,45-54,6,Organizer,Analyst
1336,62,Male,25-34,3,Participant,Participant
1337,62,Female,25-34,3,Organizer,Participant
1338,62,Female,35-44,3,Participant,Participant
1339,62,Female,45-54,6,Participant,Analyst
1340,62,Female,25-34,3,Participant,Participant
1341,62,Female,25-34,3,Participant,Participant
1342,62,Female,35-44,3,Participant,Participant
1343,62,Female,35-44,4,Participant,Volunteer
1344,62,Female,45-54,3,Participant,Participant
1345,62,Female,35-44,3,Organizer,Participant
1346,62,Female,25-34,3,Participant,Participant
1347,62,Female,45-54,5,Participant,Speaker
1348,62,Female,18-24,3,Organizer,Participant
1349,62,Male,25-34,3,Organizer,Participant
1350,62,Female,25-34,5,Participant,Speaker
1351,62,Male,35-44,6,Volunteer,Analyst
1352,62,Female,18-24,3,Participant,Participant
1353,62,Male,35-44,3,Participant,Participant
1354,63,Male,35-44,1,Volunteer,Coordinator
1355,63,Female,25-34,2,Participant,Organizer
1356,63,Male,45-54,4,Participant,Volunteer
1357,63,Female,55+,3,Participant,Participant
1358,63,Male,35-44,3,Participant,Participant
1359,63,Male,35-44,3,Participant,Participant
1360,63,Male,35-44,3,Participant,Participant
1361,64,Male,25-34,1,Participant,Coordinator
1362,64,Male,25-34,2,Volunteer,Organizer
1363,64,Male,25-34,5,Participant,Speaker
1364,64,Male,35-44,3,Participant,Participant
1365,64,Male,25-34,4,Volunteer,Volunteer
1366,64,Female,18-24,5,Volunteer,Speaker
1367,64,Male,35-44,3,Participant,Participant
1368,64,Male,35-44,3,Speaker,Participant
1369,64,Female,25-34,3,Organizer,Participant
1370,64,Female,18-24,3,Volunteer,Participant
1371,64,Male,25-34,3,Participant,Participant
1372,64,Female,25-34,6,Volunteer,Analyst
1373,64,Male,35-44,3,Participant,Participant
1374,64,Female,25-34,5,Volunteer,Speaker
1375,64,Male,35-44,3,Participant,Participant
1376,64,Female,45-54,3,Volunteer,Participant
1377,64,Female,25-34,4,Participant,Volunteer
1378,64,Female,55+,3,Volunteer,Participant
1379,64,Male,25-34,4,Participant,Volunteer
1380,64,Male,25-34,4,Participant,Volunteer
1381,64,Male,25-34,3,Participant,Participant
1382,64,Female,18-24,3,Speaker,Participant
1383,64,Male,18-24,3,Organizer,Participant
1384,65,Female,35-44,1,Participant,Coordinator
1385,65,Male,45-54,2,Participant,Organizer
1386,65,Male,25-34,3,Participant,Participant
1387,65,Male,45-54,3,Volunteer,Participant
1388,65,Male,25-34,4,Participant,Volunteer
1389,65,Female,25-34,4,Participant,Volunteer
1390,65,Male,35-44,5,Participant,Speaker
1391,65,Female,35-44,3,Participant,Participant
1392,65,Male,55+,3,Participant,Participant
1393,65,Female,35-44,3,Volunteer,Participant
1394,65,Male,25-34,3,Participant,Participant
1395,65,Male,18-24,4,Participant,Volunteer
1396,65,Male,25-34,3,Organizer,Participant
1397,65,Female,25-34,4,Participant,Volunteer
1398,65,Female,35-44,3,Speaker,Participant
1399,66,Male,35-44,1,Participant,Coordinator
1400,66,Male,25-34,2,Volunteer,Organizer
1401,66,Male,35-44,4,Participant,Volunteer
1402,66,Female,55+,4,Participant,Volunteer
1403,66,Male,35-44,4,Participant,Volunteer
1404,66,Female,45-54,3,Speaker,Participant
1405,66,Female,55+,3,Participant,Participant
1406,66,Male,25-34,3,Volunteer,Participant
1407,66,Male,35-44,3,Participant,Participant
1408,66,Female,45-54,3,Participant,Participant
1409,66,Female,25-34,3,Participant,Participant
1410,66,Male,25-34,3,Volunteer,Participant
1411,66,Female,55+,3,Participant,Participant
1412,66,Female,35-44,3,Speaker,Participant
1413,66,Female,25-34,4,Speaker,Volunteer
1414,66,Female,25-34,5,Organizer,Speaker
1415,66,Male,35-44,4,Participant,Volunteer
1416,66,Female,25-34,3,Participant,Participant
1417,67,Female,25-34,1,Participant,Coordinator
1418,67,Male,18-24,2,Participant,Organizer
1419,67,Female,25-34,3,Participant,Participant
1420,67,Male,25-34,3,Organizer,Participant
1421,67,Female,45-54,3,Volunteer,Participant
1422,67,Female,45-54,3,Participant,Participant
1423,67,Male,25-34,3,Participant,Participant
1424,67,Male,18-24,3,Volunteer,Participant
1425,67,Male,35-44,3,Participant,Participant
1426,67,Female,35-44,3,Volunteer,Participant
1427,67,Female,55+,3,Participant,Participant
1428,67,Male,25-34,3,Participant,Participant
1429,67,Male,25-34,6,Volunteer,Analyst
1430,67,Female,25-34,3,Participant,Participant
1431,67,Male,55+,5,Participant,Speaker
1432,67,Male,35-44,4,Volunteer,Volunteer
1433,67,Male,35-44,5,Participant,Speaker
1434,67,Male,25-34,3,Participant,Participant
1435,67,Male,35-44,4,Participant,Volunteer
1436,67,Female,35-44,3,Participant,Participant
1437,67,Female,25-34,3,Participant,Participant
1438,67,Male,25-34,4,Participant,Volunteer
1439,68,Female,35-44,1,Volunteer,Coordinator
1440,68,Male,25-34,2,Volunteer,Organizer
1441,68,Female,18-24,6,Participant,Analyst
1442,68,Male,35-44,3,Participant,Participant
1443,68,Male,18-24,4,Participant,Volunteer
1444,68,Female,35-44,4,Participant,Volunteer
1445,68,Female,25-34,5,Speaker,Speaker
1446,68,Male,35-44,3,Participant,Participant
1447,68,Female,35-44,4,Participant,Volunteer
1448,68,Female,25-34,3,Participant,Participant
1449,68,Female,25-34,3,Participant,Participant
1450,68,Female,25-34,4,Organizer,Volunteer
1451,68,Male,25-34,3,Participant,Participant
1452,68,Male,35-44,4,Participant,Volunteer
1453,69,Male,18-24,1,Participant,Coordinator
1454,69,Female,25-34,2,Participant,Organizer
1455,69,Female,25-34,3,Participant,Participant
1456,69,Female,25-34,5,Volunteer,Speaker
1457,69,Female,25-34,4,Organizer,Volunteer
1458,69,Female,35-44,3,Volunteer,Participant
1459,69,Male,25-34,3,Participant,Participant
1460,69,Female,35-44,5,Participant,Speaker
1461,69,Female,45-54,3,Organizer,Participant
1462,69,Female,25-34,3,Participant,Participant
1463,69,Male,25-34,4,Participant,Volunteer
1464,69,Female,25-34,3,Volunteer,Participant
1465,69,Female,25-34,3,Participant,Participant
1466,69,Male,35-44,4,Volunteer,Volunteer
1467,69,Female,25-34,4,Volunteer,Volunteer
1468,69,Male,35-44,4,Volunteer,Volunteer
1469,69,Female,25-34,3,Volunteer,Participant
1470,69,Female,25-34,6,Participant,Analyst
1471,69,Male,18-24,3,Participant,Participant
1472,69,Female,18-24,3,Participant,Participant
1473,69,Male,25-34,6,Participant,Analyst
1474,69,Female,25-34,3,Volunteer,Participant
1475,69,Male,45-54,3,Organizer,Participant
1476,69,Male,35-44,3,Participant,Participant
1477,69,Female,25-34,3,Speaker,Participant
1478,69,Male,25-34,3,Participant,Participant
1479,69,Male,25-34,3,Participant,Participant
1480,69,Male,25-34,3,Participant,Participant
1481,69,Female,25-34,3,Volunteer,Participant
1482,69,Male,25-34,3,Participant,Participant
1483,69,Female,25-34,4,Participant,Volunteer
1484,69,Female,18-24,3,Participant,Participant
1485,69,Male,18-24,3,Participant,Participant
1486,69,Male,18-24,3,Participant,Participant
1487,70,Male,18-24,1,Participant,Coordinator
1488,70,Female,35-44,2,Participant,Organizer
1489,70,Female,25-34,4,Volunteer,Volunteer
1490,70,Male,25-34,6,Volunteer,Analyst
1491,70,Male,55+,3,Participant,Participant
1492,70,Male,25-34,3,Organizer,Participant
1493,70,Male,18-24,4,Volunteer,Volunteer
1494,70,Female,18-24,3,Organizer,Participant
1495,70,Female,35-44,3,Volunteer,Participant
1496,70,Female,35-44,3,Volunteer,Participant
1497,71,Male,18-24,1,Participant,Coordinator
1498,71,Male,35-44,2,Participant,Organizer
1499,71,Male,25-34,3,Participant,Participant
1500,71,Male,35-44,4,Speaker,Volunteer
1501,71,Female,35-44,4,Participant,Volunteer
1502,71,Female,35-44,3,Volunteer,Participant
1503,71,Female,35-44,4,Participant,Volunteer
1504,71,Female,25-34,3,Participant,Participant
1505,71,Male,25-34,3,Participant,Participant
1506,71,Female,45-54,3,Participant,Participant
1507,71,Male,25-34,3,Participant,Participant
1508,71,Female,25-34,3,Participant,Participant
1509,71,Female,25-34,3,Participant,Participant
1510,71,Male,45-54,3,Participant,Participant
1511,71,Female,25-34,4,Organizer,Volunteer
1512,71,Female,25-34,3,Organizer,Participant
1513,72,Female,25-34,1,Participant,Coordinator
1514,72,Male,35-44,2,Participant,Organizer
1515,72,Female,45-54,3,Volunteer,Participant
1516,72,Male,35-44,5,Participant,Speaker
1517,72,Female,35-44,5,Volunteer,Speaker
1518,72,Male,35-44,3,Participant,Participant
1519,72,Female,25-34,3,Participant,Participant
1520,72,Male,25-34,4,Volunteer,Volunteer
1521,72,Female,45-54,4,Participant,Volunteer
1522,72,Female,25-34,3,Organizer,Participant
1523,72,Male,45-54,3,Organizer,Participant
1524,72,Male,18-24,3,Participant,Participant
1525,72,Female,18-24,4,Participant,Volunteer
1526,72,Female,45-54,3,Participant,Participant
1527,72,Female,35-44,3,Organizer,Participant
1528,72,Male,25-34,3,Volunteer,Participant
1529,72,Female,35-44,3,Participant,Participant
1530,73,Male,35-44,1,Volunteer,Coordinator
1531,73,Male,35-44,2,Participant,Organizer
1532,73,Female,45-54,3,Participant,Participant
1533,73,Male,25-34,5,Participant,Speaker
1534,73,Female,18-24,4,Participant,Volunteer
1535,73,Female,25-34,3,Participant,Participant
1536,73,Male,25-34,3,Participant,Participant
1537,73,Male,18-24,5,Organizer,Speaker
1538,73,Female,35-44,4,Participant,Volunteer
1539,73,Female,25-34,3,Participant,Participant
1540,73,Female,35-44,4,Participant,Volunteer
1541,73,Female,25-34,3,Organizer,Participant
1542,73,Female,25-34,5,Organizer,Speaker
1543,73,Male,25-34,5,Participant,Speaker
1544,73,Male,45-54,4,Participant,Volunteer
1545,73,Male,18-24,5,Participant,Speaker
1546,73,Female,45-54,3,Organizer,Participant
1547,73,Male,25-34,4,Participant,Volunteer
1548,73,Male,45-54,3,Organizer,Participant
1549,73,Male,45-54,4,Participant,Volunteer
1550,73,Female,25-34,4,Participant,Volunteer
1551,73,Female,35-44,5,Volunteer,Speaker
1552,73,Female,18-24,6,Participant,Analyst
1553,74,Male,45-54,1,Participant,Coordinator
1554,74,Female,25-34,2,Speaker,Organizer
1555,74,Male,18-24,3,Speaker,Participant
1556,74,Female,18-24,6,Participant,Analyst
1557,74,Female,55+,3,Participant,Participant
1558,74,Male,25-34,4,Participant,Volunteer
1559,74,Female,45-54,6,Participant,Analyst
1560,74,Male,18-24,3,Organizer,Participant
1561,74,Male,45-54,4,Participant,Volunteer
1562,74,Male,45-54,4,Participant,Volunteer
1563,74,Female,35-44,3,Organizer,Participant
1564,74,Female,18-24,4,Organizer,Volunteer
1565,74,Male,25-34,4,Participant,Volunteer
1566,74,Female,25-34,4,Participant,Volunteer
1567,74,Female,25-34,3,Volunteer,Participant
1568,74,Female,25-34,3,Participant,Participant
1569,74,Female,18-24,3,Volunteer,Participant
1570,74,Male,35-44,5,Participant,Speaker
1571,74,Female,25-34,3,Volunteer,Participant
1572,74,Female,25-34,3,Volunteer,Participant
1573,74,Female,18-24,3,Speaker,Participant
1574,74,Female,55+,4,Volunteer,Volunteer
1575,74,Female,25-34,4,Participant,Volunteer
1576,74,Female,35-44,3,Organizer,Participant
1577,74,Female,25-34,4,Participant,Volunteer
1578,74,Male,18-24,5,Participant,Speaker
1579,74,Female,25-34,3,Participant,Participant
1580,74,Female,25-34,4,Participant,Volunteer
1581,74,Female,45-54,3,Volunteer,Participant
1582,74,Female,35-44,3,Participant,Participant
1583,75,Female,25-34,1,Participant,Coordinator
1584,75,Male,25-34,2,Volunteer,Organizer
1585,75,Female,55+,3,Volunteer,Participant
1586,75,Male,18-24,3,Participant,Participant
1587,75,Female,25-34,3,Volunteer,Participant
1588,75,Male,25-34,3,Speaker,Participant
1589,75,Female,25-34,5,Volunteer,Speaker
1590,75,Female,25-34,3,Volunteer,Participant
1591,75,Male,18-24,4,Organizer,Volunteer
1592,75,Male,18-24,3,Organizer,Participant
1593,75,Female,25-34,3,Participant,Participant
1594,75,Male,45-54,6,Participant,Analyst
1595,75,Female,18-24,3,Speaker,Participant
1596,75,Male,35-44,3,Volunteer,Participant
1597,75,Male,35-44,3,Participant,Participant
1598,75,Female,45-54,3,Participant,Participant
1599,75,Male,45-54,3,Volunteer,Participant
1600,75,Female,25-34,3,Volunteer,Participant
1601,75,Female,25-34,3,Participant,Participant
1602,75,Male,25-34,4,Participant,Volunteer
1603,75,Male,25-34,4,Speaker,Volunteer
1604,75,Female,35-44,4,Organizer,Volunteer
1605,76,Male,18-24,1,Speaker,Coordinator
1606,76,Male,18-24,2,Volunteer,Organizer
1607,76,Male,18-24,4,Participant,Volunteer
1608,76,Female,18-24,3,Participant,Participant
1609,76,Female,18-24,3,Participant,Participant
1610,76,Female,35-44,4,Participant,Volunteer
1611,76,Female,25-34,3,Participant,Participant
1612,76,Female,35-44,3,Volunteer,Participant
1613,76,Female,55+,3,Organizer,Participant
1614,76,Male,35-44,4,Speaker,Volunteer
1615,76,Male,18-24,4,Organizer,Volunteer
1616,76,Male,18-24,3,Volunteer,Participant
1617,76,Female,45-54,3,Participant,Participant
1618,76,Female,25-34,3,Participant,Participant
1619,76,Male,45-54,4,Volunteer,Volunteer
1620,76,Male,45-54,4,Participant,Volunteer
1621,76,Male,45-54,3,Participant,Participant
1622,76,Male,55+,3,Participant,Participant
1623,76,Female,25-34,3,Organizer,Participant
1624,76,Male,25-34,6,Volunteer,Analyst
1625,76,Female,55+,5,Participant,Speaker
1626,76,Female,25-34,6,Participant,Analyst
1627,76,Male,18-24,3,Volunteer,Participant
1628,76,Female,35-44,3,Participant,Participant
1629,76,Female,35-44,3,Participant,Participant
1630,76,Female,45-54,4,Participant,Volunteer
1631,76,Female,35-44,4,Participant,Volunteer
1632,76,Male,25-34,4,Organizer,Volunteer
1633,77,Female,25-34,1,Participant,Coordinator
1634,77,Male,25-34,2,Participant,Organizer
1635,77,Female,35-44,3,Participant,Participant
1636,77,Male,35-44,3,Participant,Participant
1637,77,Female,25-34,3,Participant,Participant
1638,77,Male,35-44,3,Organizer,Participant
1639,77,Male,45-54,3,Participant,Participant
1640,77,Female,35-44,3,Participant,Participant
1641,77,Female,35-44,4,Volunteer,Volunteer
1642,77,Male,25-34,3,Participant,Participant
1643,77,Female,45-54,3,Participant,Participant
1644,77,Female,18-24,3,Participant,Participant
1645,77,Male,25-34,4,Participant,Volunteer
1646,77,Female,35-44,3,Participant,Participant
1647,77,Male,18-24,4,Organizer,Volunteer
1648,77,Female,25-34,5,Participant,Speaker
1649,77,Female,35-44,3,Participant,Participant
1650,77,Male,25-34,3,Volunteer,Participant
1651,77,Female,35-44,5,Participant,Speaker
1652,77,Female,45-54,5,Organizer,Speaker
1653,77,Female,18-24,3,Volunteer,Participant
1654,77,Female,18-24,4,Participant,Volunteer
1655,77,Female,35-44,4,Speaker,Volunteer
1656,77,Female,25-34,4,Volunteer,Volunteer
1657,78,Male,25-34,1,Speaker,Coordinator
1658,78,Female,35-44,2,Speaker,Organizer
1659,78,Male,25-34,3,Speaker,Participant
1660,78,Female,18-24,5,Participant,Speaker
1661,78,Male,25-34,3,Volunteer,Participant
1662,79,Female,25-34,1,Participant,Coordinator
1663,79,Male,45-54,2,Participant,Organizer
1664,79,Male,45-54,3,Volunteer,Participant
1665,79,Male,55+,3,Participant,Participant
1666,79,Male,45-54,3,Participant,Participant
1667,79,Female,45-54,6,Volunteer,Analyst
1668,79,Female,45-54,3,Participant,Participant
1669,79,Female,35-44,3,Volunteer,Participant
1670,79,Female,18-24,4,Participant,Volunteer
1671,79,Male,25-34,4,Participant,Volunteer
1672,79,Male,25-34,6,Volunteer,Analyst
1673,79,Male,35-44,4,Participant,Volunteer
1674,79,Female,25-34,3,Volunteer,Participant
1675,79,Female,45-54,3,Participant,Participant
1676,79,Female,55+,3,Volunteer,Participant
1677,79,Female,25-34,3,Participant,Participant
1678,79,Female,25-34,3,Organizer,Participant
1679,79,Male,55+,3,Volunteer,Participant
1680,79,Female,25-34,5,Participant,Speaker
1681,79,Male,35-44,5,Volunteer,Speaker
1682,80,Female,35-44,1,Volunteer,Coordinator
1683,80,Male,18-24,2,Volunteer,Organizer
1684,80,Male,55+,3,Participant,Participant
1685,80,Female,35-44,4,Participant,Volunteer
1686,80,Female,35-44,3,Volunteer,Participant
1687,80,Male,25-34,3,Volunteer,Participant
1688,80,Male,25-34,5,Volunteer,Speaker
1689,80,Female,25-34,4,Volunteer,Volunteer
1690,80,Male,45-54,4,Participant,Volunteer
1691,80,Female,25-34,3,Volunteer,Participant
1692,80,Male,35-44,5,Participant,Speaker
1693,80,Female,35-44,3,Participant,Participant
1694,80,Female,25-34,3,Volunteer,Participant
1695,80,Male,35-44,6,Participant,Analyst
1696,80,Female,35-44,4,Organizer,Volunteer
1697,80,Female,35-44,4,Participant,Volunteer
1698,80,Male,25-34,4,Participant,Volunteer
1699,80,Male,25-34,3,Participant,Participant
1700,80,Female,25-34,3,Participant,Participant
1701,80,Male,45-54,3,Participant,Participant
1702,80,Female,35-44,5,Volunteer,Speaker
1703,80,Female,25-34,5,Volunteer,Speaker
1704,80,Female,55+,3,Participant,Participant
1705,80,Female,18-24,3,Volunteer,Participant
1706,80,Male,45-54,6,Organizer,Analyst
1707,80,Female,55+,3,Participant,Participant
1708,81,Male,25-34,1,Participant,Coordinator
1709,81,Male,55+,2,Participant,Organizer
1710,81,Female,55+,3,Organizer,Participant
1711,81,Female,25-34,3,Participant,Participant
1712,81,Male,45-54,4,Participant,Volunteer
1713,81,Male,25-34,3,Participant,Participant
1714,81,Female,25-34,3,Organizer,Participant
1715,81,Male,25-34,3,Participant,Participant
1716,81,Male,45-54,3,Participant,Participant
1717,81,Male,18-24,3,Participant,Participant
1718,81,Male,35-44,4,Participant,Volunteer
1719,81,Female,25-34,4,Organizer,Volunteer
1720,81,Female,35-44,3,Participant,Participant
1721,81,Male,25-34,3,Participant,Participant
1722,81,Female,25-34,5,Organizer,Speaker
1723,81,Male,18-24,3,Participant,Participant
1724,81,Male,35-44,3,Volunteer,Participant
1725,81,Male,35-44,3,Speaker,Participant
1726,81,Female,35-44,3,Participant,Participant
1727,81,Female,35-44,5,Participant,Speaker
1728,81,Male,18-24,3,Participant,Participant
1729,81,Female,45-54,3,Participant,Participant
1730,81,Male,35-44,4,Participant,Volunteer
1731,81,Male,18-24,4,Speaker,Volunteer
1732,81,Female,25-34,3,Participant,Participant
1733,81,Male,45-54,3,Organizer,Participant
1734,81,Female,45-54,5,Participant,Speaker
1735,82,Female,45-54,1,Participant,Coordinator
1736,82,Male,45-54,2,Volunteer,Organizer
1737,82,Male,55+,4,Volunteer,Volunteer
1738,82,Female,25-34,3,Volunteer,Participant
1739,82,Male,35-44,4,Participant,Volunteer
1740,82,Male,45-54,4,Participant,Volunteer
1741,82,Male,35-44,3,Participant,Participant
1742,82,Male,25-34,5,Participant,Speaker
1743,82,Female,25-34,4,Participant,Volunteer
1744,82,Female,45-54,3,Speaker,Participant
1745,82,Female,25-34,4,Volunteer,Volunteer
1746,82,Male,45-54,3,Participant,Participant
1747,83,Male,35-44,1,Volunteer,Coordinator
1748,83,Male,35-44,2,Volunteer,Organizer
1749,83,Female,18-24,3,Participant,Participant
1750,83,Female,35-44,3,Participant,Participant
1751,83,Male,55+,3,Participant,Participant
1752,83,Female,25-34,5,Participant,Speaker
1753,83,Male,35-44,5,Organizer,Speaker
1754,83,Female,25-34,5,Organizer,Speaker
1755,83,Female,45-54,4,Participant,Volunteer
1756,83,Male,45-54,5,Participant,Speaker
1757,83,Female,25-34,3,Participant,Participant
1758,83,Female,25-34,3,Participant,Participant
1759,83,Male,25-34,5,Participant,Speaker
1760,83,Female,25-34,3,Organizer,Participant
1761,83,Female,18-24,3,Participant,Participant
1762,83,Male,45-54,3,Participant,Participant
1763,83,Female,18-24,3,Speaker,Participant
1764,83,Female,25-34,3,Participant,Participant
1765,83,Female,35-44,4,Volunteer,Volunteer
1766,83,Male,25-34,3,Participant,Participant
1767,84,Male,25-34,1,Participant,Coordinator
1768,84,Female,25-34,2,Speaker,Organizer
1769,84,Female,25-34,3,Participant,Participant
1770,84,Female,25-34,3,Participant,Participant
1771,84,Female,35-44,3,Participant,Participant
1772,84,Female,35-44,3,Organizer,Participant
1773,84,Male,25-34,4,Participant,Volunteer
1774,84,Female,18-24,6,Organizer,Analyst
1775,84,Female,25-34,3,Organizer,Participant
1776,84,Male,25-34,3,Speaker,Participant
1777,84,Female,45-54,5,Organizer,Speaker
1778,84,Male,18-24,3,Participant,Participant
1779,84,Female,45-54,3,Participant,Participant
1780,84,Male,35-44,5,Speaker,Speaker
1781,84,Female,35-44,6,Volunteer,Analyst
1782,84,Male,25-34,4,Participant,Volunteer
1783,84,Male,35-44,3,Organizer,Participant
1784,84,Female,35-44,4,Volunteer,Volunteer
1785,84,Female,35-44,5,Volunteer,Speaker
1786,84,Male,25-34,5,Speaker,Speaker
1787,84,Female,25-34,3,Volunteer,Participant
1788,84,Male,35-44,3,Participant,Participant
1789,84,Male,18-24,6,Volunteer,Analyst
1790,85,Female,35-44,1,Participant,Coordinator
1791,85,Female,25-34,2,Participant,Organizer
1792,85,Male,55+,3,Participant,Participant
1793,85,Male,35-44,4,Participant,Volunteer
1794,85,Male,25-34,3,Volunteer,Participant
1795,85,Female,25-34,5,Organizer,Speaker
1796,85,Female,35-44,4,Participant,Volunteer
1797,85,Female,35-44,4,Volunteer,Volunteer
1798,85,Female,25-34,5,Volunteer,Speaker
1799,85,Female,25-34,3,Volunteer,Participant
1800,85,Male,55+,3,Organizer,Participant
1801,85,Female,18-24,3,Speaker,Participant
1802,85,Female,25-34,5,Organizer,Speaker
1803,85,Female,18-24,4,Volunteer,Volunteer
1804,85,Female,45-54,3,Participant,Participant
1805,85,Male,18-24,4,Participant,Volunteer
1806,85,Male,35-44,3,Participant,Participant
1807,85,Male,18-24,5,Participant,Speaker
1808,85,Female,35-44,4,Participant,Volunteer
1809,85,Female,45-54,3,Participant,Participant
1810,85,Female,25-34,3,Volunteer,Participant
1811,85,Female,25-34,3,Participant,Participant
1812,85,Male,25-34,3,Volunteer,Participant
1813,85,Female,25-34,3,Organizer,Participant
1814,85,Male,45-54,3,Volunteer,Participant
1815,85,Female,25-34,3,Participant,Participant
1816,85,Male,35-44,3,Participant,Participant
1817,85,Male,25-34,3,Participant,Participant
1818,86,Female,25-34,1,Participant,Coordinator
1819,86,Female,45-54,2,Volunteer,Organizer
1820,86,Male,25-34,3,Volunteer,Participant
1821,86,Female,35-44,3,Volunteer,Participant
1822,86,Male,18-24,6,Participant,Analyst
1823,86,Male,25-34,6,Organizer,Analyst
1824,86,Female,45-54,3,Organizer,Participant
1825,86,Male,35-44,3,Volunteer,Participant
1826,86,Male,25-34,3,Participant,Participant
1827,86,Male,55+,3,Participant,Participant
1828,86,Female,45-54,3,Volunteer,Participant
1829,86,Female,55+,3,Participant,Participant
1830,86,Female,25-34,4,Participant,Volunteer
1831,86,Male,25-34,3,Volunteer,Participant
1832,86,Female,35-44,3,Participant,Participant
1833,86,Female,35-44,3,Participant,Participant
1834,86,Female,18-24,4,Organizer,Volunteer
1835,86,Female,35-44,3,Volunteer,Participant
1836,86,Male,18-24,3,Participant,Participant
1837,86,Female,25-34,4,Participant,Volunteer
1838,87,Male,18-24,1,Volunteer,Coordinator
1839,87,Female,45-54,2,Participant,Organizer
1840,87,Male,25-34,6,Participant,Analyst
1841,87,Female,18-24,5,Volunteer,Speaker
1842,87,Male,25-34,6,Volunteer,Analyst
1843,87,Female,25-34,5,Participant,Speaker
1844,87,Male,55+,3,Organizer,Participant
1845,87,Male,25-34,4,Speaker,Volunteer
1846,87,Female,25-34,4,Volunteer,Volunteer
1847,87,Female,25-34,4,Participant,Volunteer
1848,87,Male,25-34,3,Participant,Participant
1849,87,Male,18-24,3,Participant,Participant
1850,87,Female,18-24,6,Volunteer,Analyst
1851,87,Female,35-44,3,Organizer,Participant
1852,87,Male,18-24,3,Participant,Participant
1853,87,Female,25-34,3,Organizer,Participant
1854,87,Male,25-34,3,Participant,Participant
1855,87,Male,35-44,5,Organizer,Speaker
1856,87,Male,35-44,3,Organizer,Participant
1857,87,Female,35-44,3,Participant,Participant
1858,87,Female,35-44,4,Participant,Volunteer
1859,87,Male,35-44,4,Participant,Volunteer
1860,87,Male,18-24,4,Organizer,Volunteer
1861,87,Male,45-54,3,Volunteer,Participant
1862,87,Female,18-24,4,Participant,Volunteer
1863,87,Female,25-34,3,Participant,Participant
1864,88,Male,18-24,1,Organizer,Coordinator
1865,88,Female,45-54,2,Participant,Organizer
1866,88,Female,35-44,3,Organizer,Participant
1867,88,Female,45-54,3,Participant,Participant
1868,88,Female,25-34,3,Participant,Participant
1869,88,Female,25-34,3,Participant,Participant
1870,88,Female,35-44,4,Participant,Volunteer
1871,88,Female,18-24,5,Organizer,Speaker
1872,88,Male,25-34,3,Participant,Participant
1873,88,Female,45-54,3,Participant,Participant
1874,88,Female,45-54,3,Participant,Participant
1875,88,Male,55+,3,Participant,Participant
1876,88,Male,35-44,4,Participant,Volunteer
1877,88,Female,25-34,3,Participant,Participant
1878,88,Male,18-24,3,Organizer,Participant
1879,88,Female,25-34,5,Organizer,Speaker
1880,88,Male,25-34,4,Volunteer,Volunteer
1881,88,Female,25-34,3,Participant,Participant
1882,88,Female,18-24,6,Volunteer,Analyst
1883,88,Male,35-44,3,Volunteer,Participant
1884,88,Male,35-44,5,Participant,Speaker
1885,88,Female,55+,5,Participant,Speaker
1886,88,Female,35-44,3,Speaker,Participant
1887,88,Female,35-44,5,Participant,Speaker
1888,88,Male,35-44,3,Participant,Participant
1889,88,Female,55+,4,Participant,Volunteer
1890,88,Female,35-44,6,Volunteer,Analyst
1891,88,Female,45-54,3,Organizer,Participant
1892,88,Male,55+,3,Participant,Participant
1893,88,Male,45-54,4,Participant,Volunteer
1894,88,Male,25-34,3,Participant,Participant
1895,89,Female,35-44,1,Participant,Coordinator
1896,89,Female,18-24,2,Participant,Organizer
1897,89,Female,45-54,3,Speaker,Participant
1898,89,Female,35-44,4,Speaker,Volunteer
1899,89,Female,35-44,4,Participant,Volunteer
1900,90,Female,25-34,1,Volunteer,Coordinator
1901,90,Male,18-24,2,Participant,Organizer
1902,90,Female,18-24,3,Participant,Participant
1903,90,Female,25-34,5,Participant,Speaker
1904,90,Male,25-34,4,Participant,Volunteer
1905,90,Female,55+,4,Organizer,Volunteer
1906,90,Female,35-44,5,Organizer,Speaker
1907,90,Male,35-44,4,Organizer,Volunteer
1908,90,Male,55+,3,Participant,Participant
1909,90,Female,45-54,3,Participant,Participant
1910,90,Male,25-34,3,Participant,Participant
1911,90,Male,18-24,4,Organizer,Volunteer
1912,91,Male,35-44,1,Participant,Coordinator
1913,91,Female,35-44,2,Participant,Organizer
1914,91,Female,35-44,3,Organizer,Participant
1915,91,Female,25-34,3,Participant,Participant
1916,91,Male,35-44,3,Participant,Participant
1917,91,Female,55+,4,Organizer,Volunteer
1918,91,Male,18-24,5,Organizer,Speaker
1919,91,Female,25-34,4,Volunteer,Volunteer
1920,91,Female,35-44,6,Volunteer,Analyst
1921,91,Female,55+,3,Participant,Participant
1922,91,Male,18-24,3,Participant,Participant
1923,91,Male,18-24,3,Volunteer,Participant
1924,91,Male,18-24,3,Participant,Participant
1925,91,Male,18-24,5,Participant,Speaker
1926,91,Male,45-54,4,Volunteer,Volunteer
1927,91,Male,35-44,3,Participant,Participant
1928,91,Female,35-44,6,Volunteer,Analyst
1929,91,Male,25-34,5,Participant,Speaker
1930,91,Female,35-44,5,Organizer,Speaker
1931,92,Female,35-44,1,Participant,Coordinator
1932,92,Female,25-34,2,Participant,Organizer
1933,92,Female,45-54,6,Participant,Analyst
1934,92,Female,45-54,3,Participant,Participant
1935,92,Female,45-54,3,Participant,Participant
1936,92,Female,18-24,3,Participant,Participant
1937,92,Female,55+,3,Organizer,Participant
1938,92,Male,55+,4,Participant,Volunteer
1939,92,Male,25-34,4,Volunteer,Volunteer
1940,92,Female,18-24,3,Participant,Participant
1941,92,Female,18-24,3,Participant,Participant
1942,92,Male,55+,4,Participant,Volunteer
1943,92,Female,35-44,3,Volunteer,Participant
1944,92,Female,25-34,3,Participant,Participant
1945,92,Male,25-34,3,Organizer,Participant
1946,92,Male,25-34,3,Volunteer,Participant
1947,92,Female,35-44,5,Volunteer,Speaker
1948,92,Female,25-34,3,Participant,Participant
1949,92,Female,55+,3,Participant,Participant
1950,92,Male,35-44,3,Participant,Participant
1951,92,Female,35-44,3,Participant,Participant
1952,92,Female,25-34,3,Volunteer,Participant
1953,92,Female,18-24,3,Speaker,Participant
1954,92,Male,25-34,4,Participant,Volunteer
1955,92,Male,25-34,4,Organizer,Volunteer
1956,92,Male,25-34,5,Participant,Speaker
1957,92,Male,55+,6,Participant,Analyst
1958,92,Female,25-34,5,Volunteer,Speaker
1959,92,Male,18-24,3,Participant,Participant
1960,93,Female,55+,1,Participant,Coordinator
1961,93,Female,25-34,2,Participant,Organizer
1962,93,Female,45-54,5,Participant,Speaker
1963,93,Male,25-34,3,Participant,Participant
1964,93,Female,25-34,4,Speaker,Volunteer
1965,93,Male,25-34,3,Organizer,Participant
1966,93,Male,25-34,3,Participant,Participant
1967,93,Female,25-34,5,Participant,Speaker
1968,94,Male,18-24,1,Participant,Coordinator
1969,94,Female,35-44,2,Speaker,Organizer
1970,94,Male,18-24,5,Participant,Speaker
1971,94,Female,25-34,4,Participant,Volunteer
1972,94,Male,18-24,4,Participant,Volunteer
1973,94,Male,25-34,3,Volunteer,Participant
1974,94,Male,18-24,3,Speaker,Participant
1975,94,Female,45-54,3,Participant,Participant
1976,94,Female,25-34,3,Participant,Participant
1977,94,Male,25-34,3,Participant,Participant
1978,94,Female,25-34,3,Participant,Participant
1979,94,Female,35-44,3,Participant,Participant
1980,94,Female,35-44,3,Participant,Participant
1981,94,Female,35-44,4,Participant,Volunteer
1982,94,Female,35-44,5,Participant,Speaker
1983,94,Female,45-54,4,Participant,Volunteer
1984,94,Female,45-54,4,Volunteer,Volunteer
1985,94,Female,35-44,3,Participant,Participant
1986,94,Male,25-34,3,Participant,Participant
1987,94,Female,35-44,3,Participant,Participant
1988,94,Female,25-34,3,Volunteer,Participant
1989,94,Male,35-44,3,Participant,Participant
1990,94,Male,45-54,3,Organizer,Participant
1991,94,Male,35-44,3,Participant,Participant
1992,94,Male,45-54,3,Volunteer,Participant
1993,94,Female,18-24,5,Participant,Speaker
1994,94,Male,18-24,3,Participant,Participant
1995,94,Female,25-34,4,Participant,Volunteer
1996,94,Male,45-54,3,Participant,Participant
1997,94,Female,45-54,4,Participant,Volunteer
1998,94,Male,35-44,4,Participant,Volunteer
1999,94,Female,35-44,3,Participant,Participant
2000,95,Female,35-44,1,Organizer,Coordinator
2001,95,Female,25-34,2,Organizer,Organizer
2002,95,Female,18-24,3,Participant,Participant
2003,95,Female,35-44,3,Speaker,Participant
2004,95,Female,25-34,4,Organizer,Volunteer
2005,95,Female,25-34,3,Participant,Participant
2006,95,Male,25-34,3,Volunteer,Participant
2007,95,Female,35-44,3,Speaker,Participant
2008,95,Male,25-34,3,Participant,Participant
2009,95,Female,55+,3,Participant,Participant
2010,95,Female,35-44,3,Volunteer,Participant
2011,95,Female,18-24,4,Volunteer,Volunteer
2012,95,Female,25-34,4,Volunteer,Volunteer
2013,95,Female,25-34,3,Participant,Participant
2014,95,Female,25-34,4,Participant,Volunteer
2015,95,Male,45-54,4,Participant,Volunteer
2016,95,Female,35-44,3,Volunteer,Participant
2017,95,Female,18-24,3,Participant,Participant
2018,95,Female,35-44,4,Volunteer,Volunteer
2019,95,Female,18-24,3,Volunteer,Participant
2020,95,Male,35-44,5,Volunteer,Speaker
2021,95,Female,35-44,5,Participant,Speaker
2022,95,Female,25-34,3,Organizer,Participant
2023,95,Female,25-34,3,Participant,Participant
2024,95,Female,35-44,3,Participant,Participant
2025,95,Male,35-44,3,Participant,Participant
2026,95,Male,25-34,5,Participant,Speaker
2027,95,Female,25-34,3,Participant,Participant
2028,95,Female,25-34,3,Speaker,Participant
2029,96,Female,18-24,1,Participant,Coordinator
2030,96,Female,25-34,2,Participant,Organizer
2031,96,Female,35-44,4,Speaker,Volunteer
2032,96,Female,18-24,4,Volunteer,Volunteer
2033,96,Female,25-34,3,Participant,Participant
2034,96,Female,18-24,3,Participant,Participant
2035,96,Female,35-44,4,Participant,Volunteer
2036,96,Male,18-24,3,Participant,Participant
2037,96,Male,35-44,3,Participant,Participant
2038,96,Female,25-34,4,Participant,Volunteer
2039,96,Female,35-44,3,Participant,Participant
2040,96,Female,55+,4,Volunteer,Volunteer
2041,96,Female,18-24,3,Participant,Participant
2042,96,Female,25-34,3,Participant,Participant
2043,96,Male,45-54,5,Participant,Speaker
2044,96,Female,25-34,3,Participant,Participant
2045,96,Male,25-34,4,Participant,Volunteer
2046,96,Female,45-54,3,Participant,Participant
2047,96,Male,55+,3,Speaker,Participant
2048,96,Male,25-34,4,Participant,Volunteer
2049,96,Male,25-34,3,Organizer,Participant
2050,96,Female,25-34,3,Participant,Participant
2051,96,Male,18-24,4,Volunteer,Volunteer
2052,96,Male,35-44,3,Participant,Participant
2053,96,Male,35-44,3,Participant,Participant
2054,96,Female,45-54,3,Volunteer,Participant
2055,96,Male,18-24,5,Participant,Speaker
2056,96,Female,35-44,4,Volunteer,Volunteer
2057,96,Male,25-34,3,Volunteer,Participant
2058,96,Male,25-34,4,Participant,Volunteer
2059,96,Female,35-44,3,Participant,Participant
2060,97,Male,35-44,1,Speaker,Coordinator
2061,97,Female,55+,2,Participant,Organizer
2062,97,Female,18-24,3,Participant,Participant
2063,97,Female,25-34,6,Volunteer,Analyst
2064,97,Male,25-34,4,Participant,Volunteer
2065,97,Female,25-34,3,Volunteer,Participant
2066,97,Male,35-44,3,Volunteer,Participant
2067,97,Female,25-34,3,Volunteer,Participant
2068,97,Female,25-34,3,Participant,Participant
2069,97,Female,25-34,3,Participant,Participant
2070,97,Female,55+,5,Participant,Speaker
2071,97,Female,45-54,3,Organizer,Participant
2072,97,Male,25-34,5,Participant,Speaker
2073,97,Female,18-24,4,Volunteer,Volunteer
2074,97,Female,45-54,4,Participant,Volunteer
2075,97,Female,55+,4,Participant,Volunteer
2076,97,Male,25-34,5,Volunteer,Speaker
2077,97,Male,25-34,3,Participant,Participant
2078,98,Female,35-44,1,Participant,Coordinator
2079,98,Female,35-44,2,Volunteer,Organizer
2080,98,Male,25-34,3,Participant,Participant
2081,98,Male,35-44,3,Participant,Participant
2082,98,Female,25-34,4,Participant,Volunteer
2083,98,Female,25-34,3,Organizer,Participant
2084,98,Male,25-34,5,Volunteer,Speaker
2085,98,Male,25-34,3,Participant,Participant
2086,98,Female,45-54,4,Participant,Volunteer
2087,98,Male,55+,3,Participant,Participant
2088,98,Female,45-54,3,Participant,Participant
2089,98,Female,35-44,3,Participant,Participant
2090,98,Female,35-44,3,Volunteer,Participant
2091,98,Female,35-44,3,Participant,Participant
2092,98,Female,45-54,3,Participant,Participant
2093,98,Male,25-34,3,Participant,Participant
2094,98,Male,25-34,3,Participant,Participant
2095,98,Female,35-44,3,Organizer,Participant
2096,98,Female,35-44,4,Participant,Volunteer
2097,98,Female,25-34,4,Participant,Volunteer
2098,98,Male,35-44,3,Volunteer,Participant
2099,98,Male,35-44,3,Organizer,Participant
2100,98,Female,25-34,3,Participant,Participant
2101,98,Female,35-44,3,Participant,Participant
2102,99,Female,18-24,1,Organizer,Coordinator
2103,99,Male,35-44,2,Volunteer,Organizer
2104,99,Female,35-44,3,Participant,Participant
2105,99,Female,25-34,3,Participant,Participant
2106,99,Male,25-34,3,Participant,Participant
2107,99,Male,25-34,3,Volunteer,Participant
2108,99,Female,35-44,3,Participant,Participant
2109,99,Female,35-44,5,Participant,Speaker
2110,99,Male,25-34,4,Volunteer,Volunteer
2111,99,Female,25-34,3,Speaker,Participant
2112,99,Female,25-34,3,Participant,Participant
2113,99,Male,45-54,4,Participant,Volunteer
2114,99,Female,25-34,3,Participant,Participant
2115,99,Female,25-34,4,Volunteer,Volunteer
2116,99,Female,25-34,3,Speaker,Participant
2117,99,Female,25-34,3,Participant,Participant
2118,99,Male,25-34,4,Volunteer,Volunteer
2119,99,Female,18-24,3,Organizer,Participant
2120,99,Male,18-24,4,Speaker,Volunteer
2121,99,Female,35-44,4,Participant,Volunteer
2122,99,Female,25-34,6,Volunteer,Analyst
2123,99,Female,18-24,3,Volunteer,Participant
2124,99,Male,35-44,4,Volunteer,Volunteer
2125,99,Male,18-24,5,Participant,Speaker
2126,99,Female,35-44,4,Participant,Volunteer
2127,99,Female,25-34,4,Volunteer,Volunteer
2128,99,Female,18-24,6,Participant,Analyst
2129,99,Male,25-34,3,Participant,Participant
2130,100,Male,45-54,1,Participant,Coordinator
2131,100,Male,25-34,2,Participant,Organizer
2132,100,Female,25-34,6,Participant,Analyst
2133,100,Female,25-34,3,Speaker,Participant
2134,100,Female,35-44,5,Participant,Speaker
2135,100,Female,25-34,5,Participant,Speaker
2136,100,Male,45-54,3,Volunteer,Participant
2137,100,Female,35-44,3,Participant,Participant
2138,100,Female,25-34,3,Participant,Participant
2139,100,Female,35-44,3,Participant,Participant
2140,100,Female,55+,4,Participant,Volunteer
2141,100,Male,25-34,4,Volunteer,Volunteer
2142,100,Female,25-34,3,Participant,Participant
2143,101,Female,18-24,1,Organizer,Coordinator
2144,101,Male,45-54,2,Volunteer,Organizer
2145,101,Male,45-54,4,Participant,Volunteer
2146,101,Female,25-34,3,Organizer,Participant
2147,101,Female,35-44,3,Participant,Participant
2148,101,Female,25-34,3,Participant,Participant
2149,101,Male,35-44,3,Volunteer,Participant
2150,101,Female,45-54,3,Participant,Participant
2151,101,Male,18-24,3,Participant,Participant
2152,101,Female,35-44,3,Volunteer,Participant
2153,101,Male,25-34,3,Participant,Participant
2154,101,Female,35-44,3,Organizer,Participant
2155,101,Male,35-44,3,Organizer,Participant
2156,101,Female,45-54,3,Organizer,Participant
2157,101,Male,18-24,4,Organizer,Volunteer
2158,101,Female,18-24,3,Participant,Participant
2159,101,Female,18-24,5,Participant,Speaker
2160,101,Female,55+,4,Participant,Volunteer
2161,101,Male,35-44,5,Organizer,Speaker
2162,101,Female,35-44,3,Participant,Participant
2163,102,Female,35-44,1,Participant,Coordinator
2164,102,Male,18-24,2,Participant,Organizer
2165,102,Female,18-24,3,Participant,Participant
2166,102,Male,35-44,3,Participant,Participant
2167,102,Male,45-54,3,Organizer,Participant
2168,102,Female,25-34,3,Participant,Participant
2169,102,Female,25-34,4,Participant,Volunteer
2170,102,Female,25-34,3,Volunteer,Participant
2171,102,Male,18-24,3,Organizer,Participant
2172,102,Female,35-44,3,Participant,Participant
2173,102,Male,45-54,3,Participant,Participant
2174,102,Male,25-34,3,Participant,Participant
2175,102,Female,55+,3,Volunteer,Participant
2176,102,Male,18-24,3,Participant,Participant
2177,102,Male,35-44,3,Organizer,Participant
2178,102,Female,25-34,3,Participant,Participant
2179,102,Female,25-34,3,Speaker,Participant
2180,102,Female,25-34,6,Participant,Analyst
2181,102,Female,25-34,6,Participant,Analyst
2182,102,Male,35-44,3,Organizer,Participant
2183,102,Female,35-44,3,Organizer,Participant
2184,102,Male,25-34,6,Participant,Analyst
2185,102,Female,45-54,3,Volunteer,Participant
2186,102,Male,25-34,3,Participant,Participant
2187,103,Male,45-54,1,Participant,Coordinator
2188,103,Female,35-44,2,Volunteer,Organizer
2189,103,Female,25-34,3,Participant,Participant
2190,103,Female,35-44,3,Volunteer,Participant
2191,103,Female,35-44,3,Participant,Participant
2192,103,Male,18-24,3,Speaker,Participant
2193,103,Male,25-34,5,Participant,Speaker
2194,103,Female,45-54,3,Participant,Participant
2195,103,Female,25-34,5,Participant,Speaker
2196,103,Female,25-34,3,Participant,Participant
2197,103,Male,45-54,5,Participant,Speaker
2198,103,Female,18-24,3,Volunteer,Participant
2199,103,Female,25-34,3,Participant,Participant
2200,103,Male,35-44,6,Speaker,Analyst
2201,103,Male,25-34,5,Participant,Speaker
2202,103,Female,35-44,3,Volunteer,Participant
2203,103,Female,18-24,3,Volunteer,Participant
2204,103,Female,25-34,5,Participant,Speaker
2205,103,Female,18-24,4,Volunteer,Volunteer
2206,103,Male,55+,3,Participant,Participant
2207,103,Male,25-34,3,Participant,Participant
2208,103,Male,25-34,3,Participant,Participant
2209,103,Female,18-24,5,Speaker,Speaker
2210,103,Female,18-24,3,Participant,Participant
2211,103,Female,25-34,3,Speaker,Participant
2212,103,Female,18-24,3,Participant,Participant
2213,103,Male,25-34,5,Participant,Speaker
2214,103,Female,25-34,5,Volunteer,Speaker
2215,103,Female,35-44,5,Participant,Speaker
2216,103,Female,35-44,3,Volunteer,Participant
2217,103,Female,25-34,3,Participant,Participant
2218,103,Female,25-34,3,Organizer,Participant
2219,103,Male,35-44,3,Participant,Participant
2220,103,Female,35-44,3,Participant,Participant
2221,103,Male,18-24,3,Participant,Participant
2222,103,Female,45-54,4,Participant,Volunteer
2223,103,Female,18-24,3,Participant,Participant
2224,103,Male,18-24,3,Participant,Participant
2225,103,Female,25-34,3,Participant,Participant
2226,103,Male,45-54,4,Organizer,Volunteer
2227,103,Female,25-34,5,Organizer,Speaker
2228,103,Female,35-44,6,Participant,Analyst
2229,103,Male,25-34,3,Participant,Participant
2230,103,Male,25-34,3,Participant,Participant
2231,104,Female,18-24,1,Participant,Coordinator
2232,104,Male,25-34,2,Participant,Organizer
2233,104,Female,18-24,3,Volunteer,Participant
2234,104,Male,35-44,3,Participant,Participant
2235,104,Female,18-24,3,Volunteer,Participant
2236,104,Male,35-44,4,Participant,Volunteer
2237,104,Female,35-44,4,Participant,Volunteer
2238,104,Female,18-24,5,Volunteer,Speaker
2239,104,Female,25-34,4,Participant,Volunteer
2240,104,Female,35-44,4,Participant,Volunteer
2241,104,Female,25-34,6,Participant,Analyst
2242,104,Female,18-24,3,Organizer,Participant
2243,104,Male,25-34,4,Volunteer,Volunteer
2244,104,Male,25-34,3,Participant,Participant
2245,104,Female,35-44,4,Participant,Volunteer
2246,104,Male,18-24,3,Volunteer,Participant
2247,104,Male,25-34,3,Volunteer,Participant
2248,104,Male,25-34,3,Participant,Participant
2249,104,Female,45-54,5,Participant,Speaker
2250,104,Female,25-34,3,Participant,Participant
2251,104,Female,45-54,3,Participant,Participant
2252,104,Male,25-34,3,Organizer,Participant
2253,104,Female,35-44,3,Organizer,Participant
2254,105,Male,25-34,1,Participant,Coordinator
2255,105,Female,25-34,2,Organizer,Organizer
2256,105,Female,25-34,3,Participant,Participant
2257,105,Female,35-44,4,Volunteer,Volunteer
2258,105,Female,18-24,3,Participant,Participant
2259,105,Male,25-34,4,Participant,Volunteer
2260,105,Male,35-44,3,Speaker,Participant
2261,105,Female,18-24,4,Participant,Volunteer
2262,105,Female,18-24,5,Participant,Speaker
2263,105,Female,25-34,4,Volunteer,Volunteer
2264,105,Male,45-54,3,Participant,Participant
2265,105,Male,35-44,3,Organizer,Participant
2266,105,Female,18-24,5,Participant,Speaker
2267,105,Female,25-34,4,Volunteer,Volunteer
2268,105,Male,25-34,6,Volunteer,Analyst
2269,105,Male,35-44,3,Participant,Participant
2270,105,Male,35-44,3,Participant,Participant
2271,105,Female,45-54,3,Participant,Participant
2272,105,Female,25-34,4,Speaker,Volunteer
2273,105,Female,55+,4,Participant,Volunteer
2274,105,Male,55+,3,Organizer,Participant
2275,105,Male,45-54,3,Volunteer,Participant
2276,105,Female,35-44,3,Participant,Participant
2277,105,Female,25-34,3,Participant,Participant
2278,106,Female,25-34,1,Participant,Coordinator
2279,106,Female,25-34,2,Participant,Organizer
2280,106,Female,25-34,5,Volunteer,Speaker
2281,106,Male,25-34,3,Participant,Participant
2282,106,Male,25-34,3,Volunteer,Participant
2283,106,Male,25-34,3,Speaker,Participant
2284,106,Male,55+,5,Participant,Speaker
2285,106,Male,45-54,3,Participant,Participant
2286,106,Male,35-44,3,Participant,Participant
2287,106,Female,35-44,4,Participant,Volunteer
2288,106,Male,55+,3,Participant,Participant
2289,107,Male,25-34,1,Volunteer,Coordinator
2290,107,Female,35-44,2,Organizer,Organizer
2291,107,Male,55+,3,Participant,Participant
2292,107,Female,45-54,3,Volunteer,Participant
2293,107,Female,55+,3,Participant,Participant
2294,107,Female,25-34,5,Participant,Speaker
2295,107,Female,35-44,3,Volunteer,Participant
2296,107,Male,35-44,3,Participant,Participant
2297,107,Female,18-24,4,Volunteer,Volunteer
2298,107,Male,45-54,4,Speaker,Volunteer
2299,107,Male,35-44,4,Volunteer,Volunteer
2300,107,Male,25-34,5,Organizer,Speaker
2301,107,Male,18-24,3,Participant,Participant
2302,108,Male,25-34,1,Volunteer,Coordinator
2303,108,Female,35-44,2,Participant,Organizer
2304,108,Female,25-34,3,Volunteer,Participant
2305,108,Female,18-24,4,Participant,Volunteer
2306,108,Male,35-44,3,Organizer,Participant
2307,108,Male,55+,4,Participant,Volunteer
2308,108,Male,25-34,3,Participant,Participant
2309,108,Male,45-54,6,Participant,Analyst
2310,108,Male,45-54,4,Volunteer,Volunteer
2311,108,Female,18-24,3,Organizer,Participant
2312,108,Female,35-44,3,Participant,Participant
2313,108,Female,25-34,3,Participant,Participant
2314,108,Male,25-34,3,Participant,Participant
2315,108,Female,35-44,3,Speaker,Participant
2316,108,Male,35-44,4,Volunteer,Volunteer
2317,108,Male,18-24,6,Participant,Analyst
2318,108,Female,45-54,3,Volunteer,Participant
2319,108,Male,35-44,5,Participant,Speaker
2320,108,Male,45-54,6,Organizer,Analyst
2321,108,Female,25-34,3,Participant,Participant
2322,109,Female,45-54,1,Participant,Coordinator
2323,109,Female,35-44,2,Volunteer,Organizer
2324,109,Female,25-34,5,Participant,Speaker
2325,109,Female,25-34,4,Participant,Volunteer
2326,109,Male,18-24,4,Participant,Volunteer
2327,109,Male,25-34,3,Participant,Participant
2328,110,Male,25-34,1,Volunteer,Coordinator
2329,110,Male,25-34,2,Participant,Organizer
2330,110,Male,25-34,3,Participant,Participant
2331,110,Male,25-34,3,Volunteer,Participant
2332,110,Male,25-34,5,Participant,Speaker
2333,110,Female,25-34,3,Volunteer,Participant
2334,110,Female,35-44,5,Volunteer,Speaker
2335,110,Female,35-44,5,Participant,Speaker
2336,110,Female,25-34,3,Participant,Participant
2337,110,Female,25-34,3,Participant,Participant
2338,110,Male,25-34,3,Participant,Participant
2339,110,Male,18-24,3,Participant,Participant
2340,110,Female,35-44,3,Participant,Participant
2341,110,Male,25-34,4,Volunteer,Volunteer
2342,110,Female,35-44,3,Participant,Participant
2343,110,Female,35-44,3,Participant,Participant
2344,110,Male,45-54,3,Participant,Participant
2345,110,Male,55+,5,Participant,Speaker
2346,110,Female,18-24,3,Participant,Participant
2347,110,Female,55+,3,Participant,Participant
2348,110,Male,35-44,5,Participant,Speaker
2349,110,Female,35-44,4,Participant,Volunteer
2350,110,Female,18-24,3,Participant,Participant
2351,110,Male,45-54,3,Participant,Participant
2352,110,Female,18-24,3,Volunteer,Participant
2353,110,Female,45-54,3,Participant,Participant
2354,110,Female,18-24,3,Organizer,Participant
2355,110,Male,35-44,3,Participant,Participant
2356,110,Male,25-34,3,Participant,Participant
2357,110,Female,25-34,4,Organizer,Volunteer
2358,110,Female,18-24,3,Volunteer,Participant
2359,110,Female,25-34,6,Participant,Analyst
2360,110,Female,18-24,3,Participant,Participant
2361,110,Female,25-34,3,Participant,Participant
2362,110,Male,35-44,5,Participant,Speaker
2363,111,Male,25-34,1,Participant,Coordinator
2364,111,Male,55+,2,Volunteer,Organizer
2365,111,Male,18-24,3,Speaker,Participant
2366,111,Male,25-34,5,Organizer,Speaker
2367,111,Female,25-34,3,Volunteer,Participant
2368,111,Female,18-24,4,Volunteer,Volunteer
2369,111,Male,25-34,4,Participant,Volunteer
2370,111,Male,25-34,3,Participant,Participant
2371,111,Male,25-34,3,Participant,Participant
2372,111,Male,25-34,4,Participant,Volunteer
2373,111,Male,35-44,6,Participant,Analyst
2374,111,Male,25-34,4,Participant,Volunteer
2375,111,Female,18-24,6,Participant,Analyst
2376,111,Female,35-44,3,Speaker,Participant
2377,111,Male,18-24,4,Organizer,Volunteer
2378,111,Female,45-54,4,Volunteer,Volunteer
2379,111,Female,45-54,3,Participant,Participant
2380,111,Female,25-34,5,Volunteer,Speaker
2381,111,Male,45-54,3,Participant,Participant
2382,111,Male,35-44,3,Participant,Participant
2383,111,Male,45-54,4,Participant,Volunteer
2384,111,Female,35-44,3,Organizer,Participant
2385,111,Male,25-34,4,Organizer,Volunteer
2386,111,Male,45-54,3,Organizer,Participant
2387,111,Female,25-34,4,Participant,Volunteer
2388,111,Female,25-34,3,Volunteer,Participant
2389,111,Female,25-34,3,Participant,Participant
2390,111,Male,25-34,6,Participant,Analyst
2391,111,Male,25-34,3,Organizer,Participant
2392,112,Male,35-44,1,Participant,Coordinator
2393,112,Female,55+,2,Participant,Organizer
2394,112,Male,18-24,4,Participant,Volunteer
2395,112,Female,45-54,3,Organizer,Participant
2396,112,Female,25-34,3,Volunteer,Participant
2397,113,Male,35-44,1,Participant,Coordinator
2398,113,Male,25-34,2,Participant,Organizer
2399,113,Female,25-34,3,Volunteer,Participant
2400,113,Female,25-34,3,Speaker,Participant
2401,113,Male,25-34,5,Participant,Speaker
2402,113,Male,25-34,3,Participant,Participant
2403,113,Female,45-54,4,Participant,Volunteer
2404,113,Male,18-24,6,Participant,Analyst
2405,113,Male,55+,3,Participant,Participant
2406,113,Male,25-34,3,Volunteer,Participant
2407,113,Female,25-34,3,Organizer,Participant
2408,113,Female,18-24,3,Volunteer,Participant
2409,113,Female,35-44,3,Speaker,Participant
2410,113,Female,35-44,3,Participant,Participant
2411,113,Female,18-24,3,Participant,Participant
2412,113,Female,25-34,3,Participant,Participant
2413,113,Male,35-44,4,Participant,Volunteer
2414,113,Female,18-24,3,Participant,Participant
2415,113,Female,45-54,4,Participant,Volunteer
2416,113,Male,35-44,3,Participant,Participant
2417,113,Male,25-34,4,Volunteer,Volunteer
2418,113,Male,25-34,3,Participant,Participant
2419,113,Female,18-24,5,Speaker,Speaker
2420,113,Male,45-54,4,Speaker,Volunteer
2421,113,Male,18-24,4,Participant,Volunteer
2422,113,Female,25-34,3,Participant,Participant
2423,114,Female,35-44,1,Participant,Coordinator
2424,114,Male,55+,2,Participant,Organizer
2425,114,Male,18-24,3,Participant,Participant
2426,114,Male,18-24,3,Participant,Participant
2427,114,Female,35-44,3,Organizer,Participant
2428,114,Female,25-34,3,Participant,Participant
2429,114,Female,45-54,4,Speaker,Volunteer
2430,114,Female,25-34,3,Organizer,Participant
2431,115,Female,18-24,1,Participant,Coordinator
2432,115,Female,35-44,2,Volunteer,Organizer
2433,115,Male,35-44,3,Participant,Participant
2434,115,Male,35-44,3,Volunteer,Participant
2435,115,Male,25-34,3,Speaker,Participant
2436,115,Female,25-34,3,Speaker,Participant
2437,115,Female,35-44,3,Participant,Participant
2438,115,Male,25-34,5,Volunteer,Speaker
2439,115,Female,35-44,3,Participant,Participant
2440,115,Female,35-44,5,Organizer,Speaker
2441,115,Male,25-34,3,Volunteer,Participant
2442,115,Male,18-24,3,Participant,Participant
2443,115,Male,25-34,4,Participant,Volunteer
2444,115,Female,18-24,3,Speaker,Participant
2445,115,Female,35-44,3,Volunteer,Participant
2446,115,Female,35-44,5,Organizer,Speaker
2447,115,Male,45-54,3,Participant,Participant
2448,115,Female,35-44,3,Participant,Participant
2449,115,Male,18-24,4,Participant,Volunteer
2450,115,Male,25-34,3,Participant,Participant
2451,115,Female,45-54,3,Participant,Participant
2452,115,Female,18-24,3,Participant,Participant
2453,116,Female,55+,1,Participant,Coordinator
2454,116,Female,25-34,2,Participant,Organizer
2455,116,Male,55+,3,Participant,Participant
2456,116,Female,25-34,3,Participant,Participant
2457,116,Male,25-34,4,Volunteer,Volunteer
2458,116,Female,25-34,3,Participant,Participant
2459,116,Female,25-34,3,Volunteer,Participant
2460,116,Female,25-34,3,Participant,Participant
2461,117,Female,35-44,1,Volunteer,Coordinator
2462,117,Female,25-34,2,Participant,Organizer
2463,117,Female,55+,3,Volunteer,Participant
2464,117,Female,25-34,5,Participant,Speaker
2465,117,Male,25-34,3,Organizer,Participant
2466,117,Female,45-54,3,Organizer,Participant
2467,117,Male,25-34,3,Participant,Participant
2468,117,Male,55+,4,Organizer,Volunteer
2469,117,Male,18-24,3,Participant,Participant
2470,117,Female,25-34,4,Participant,Volunteer
2471,117,Female,35-44,3,Participant,Participant
2472,117,Female,45-54,5,Participant,Speaker
2473,117,Female,25-34,5,Participant,Speaker
2474,117,Male,45-54,4,Participant,Volunteer
2475,117,Female,35-44,3,Participant,Participant
2476,118,Female,35-44,1,Participant,Coordinator
2477,118,Female,25-34,2,Speaker,Organizer
2478,118,Female,18-24,3,Participant,Participant
2479,118,Male,25-34,3,Volunteer,Participant
2480,118,Female,25-34,5,Organizer,Speaker
2481,118,Female,25-34,3,Volunteer,Participant
2482,118,Male,35-44,3,Participant,Participant
2483,118,Female,18-24,3,Organizer,Participant
2484,118,Female,25-34,3,Organizer,Participant
2485,118,Female,35-44,3,Volunteer,Participant
2486,118,Male,25-34,3,Participant,Participant
2487,118,Female,35-44,3,Participant,Participant
2488,118,Male,35-44,3,Volunteer,Participant
2489,118,Female,55+,3,Volunteer,Participant
2490,118,Female,35-44,3,Participant,Participant
2491,118,Female,18-24,6,Participant,Analyst
2492,118,Male,25-34,3,Speaker,Participant
2493,118,Male,18-24,3,Organizer,Participant
2494,118,Male,45-54,6,Participant,Analyst
2495,118,Male,18-24,5,Participant,Speaker
2496,118,Female,25-34,4,Participant,Volunteer
2497,118,Male,25-34,6,Participant,Analyst
2498,118,Female,45-54,3,Participant,Participant
2499,119,Female,18-24,1,Organizer,Coordinator
2500,119,Male,25-34,2,Volunteer,Organizer
2501,119,Male,25-34,4,Participant,Volunteer
2502,119,Female,25-34,3,Participant,Participant
2503,119,Male,25-34,3,Speaker,Participant
2504,119,Female,25-34,3,Organizer,Participant
2505,119,Female,25-34,6,Participant,Analyst
2506,119,Female,35-44,4,Organizer,Volunteer
2507,119,Male,35-44,3,Participant,Participant
2508,119,Female,25-34,4,Organizer,Volunteer
2509,119,Male,45-54,3,Volunteer,Participant
2510,119,Female,45-54,3,Participant,Participant
2511,119,Male,25-34,3,Participant,Participant
2512,119,Female,25-34,4,Participant,Volunteer
2513,119,Male,25-34,6,Participant,Analyst
2514,119,Female,35-44,3,Volunteer,Participant
2515,119,Female,35-44,3,Participant,Participant
2516,119,Female,25-34,3,Organizer,Participant
2517,119,Male,35-44,4,Participant,Volunteer
2518,119,Female,25-34,3,Participant,Participant
2519,119,Male,18-24,3,Organizer,Participant
2520,119,Female,35-44,4,Participant,Volunteer
2521,119,Male,35-44,4,Participant,Volunteer
2522,119,Female,25-34,3,Participant,Participant
2523,119,Female,25-34,5,Participant,Speaker
2524,119,Female,55+,4,Speaker,Volunteer
2525,119,Female,35-44,6,Volunteer,Analyst
2526,119,Female,35-44,4,Participant,Volunteer
2527,119,Male,18-24,5,Participant,Speaker
2528,119,Male,18-24,6,Organizer,Analyst
2529,119,Male,25-34,3,Participant,Participant
2530,119,Female,25-34,3,Participant,Participant
2531,119,Female,35-44,3,Volunteer,Participant
2532,119,Male,25-34,4,Participant,Volunteer
2533,119,Female,25-34,4,Participant,Volunteer
2534,119,Male,25-34,3,Participant,Participant
2535,119,Female,25-34,5,Participant,Speaker
2536,119,Male,55+,3,Participant,Participant
2537,119,Female,35-44,3,Participant,Participant
2538,119,Male,18-24,6,Volunteer,Analyst
2539,119,Female,35-44,4,Participant,Volunteer
2540,119,Male,35-44,4,Participant,Volunteer
2541,119,Female,35-44,3,Participant,Participant
2542,119,Male,18-24,4,Volunteer,Volunteer
2543,119,Male,25-34,3,Participant,Participant
2544,120,Female,18-24,1,Speaker,Coordinator
2545,120,Male,25-34,2,Organizer,Organizer
2546,120,Female,25-34,3,Volunteer,Participant
2547,120,Female,18-24,3,Organizer,Participant
2548,120,Male,45-54,3,Participant,Participant
2549,120,Female,45-54,6,Volunteer,Analyst
2550,120,Female,25-34,6,Volunteer,Analyst
2551,120,Female,25-34,3,Volunteer,Participant
2552,120,Male,18-24,6,Participant,Analyst
2553,120,Female,25-34,3,Participant,Participant
2554,120,Male,35-44,3,Organizer,Participant
2555,120,Male,25-34,6,Volunteer,Analyst
2556,121,Female,18-24,1,Participant,Coordinator
2557,121,Female,35-44,2,Participant,Organizer
2558,121,Male,18-24,4,Participant,Volunteer
2559,121,Male,25-34,3,Participant,Participant
2560,121,Female,25-34,4,Volunteer,Volunteer
2561,121,Male,18-24,3,Participant,Participant
2562,121,Male,45-54,3,Volunteer,Participant
2563,121,Male,18-24,3,Participant,Participant
2564,121,Female,45-54,3,Participant,Participant
2565,121,Female,45-54,5,Volunteer,Speaker
2566,121,Male,25-34,4,Participant,Volunteer
2567,122,Male,35-44,1,Participant,Coordinator
2568,122,Male,18-24,2,Participant,Organizer
2569,122,Male,35-44,3,Volunteer,Participant
2570,122,Female,18-24,3,Volunteer,Participant
2571,122,Female,45-54,4,Participant,Volunteer
2572,122,Female,25-34,5,Participant,Speaker
2573,122,Female,18-24,3,Participant,Participant
2574,122,Female,35-44,3,Participant,Participant
2575,122,Male,25-34,3,Organizer,Participant
2576,122,Male,25-34,3,Participant,Participant
2577,122,Male,18-24,4,Organizer,Volunteer
2578,122,Female,25-34,4,Participant,Volunteer
2579,122,Female,18-24,3,Participant,Participant
2580,122,Male,18-24,3,Participant,Participant
2581,122,Female,25-34,3,Speaker,Participant
2582,122,Female,35-44,6,Participant,Analyst
2583,122,Male,25-34,4,Organizer,Volunteer
2584,122,Female,18-24,3,Volunteer,Participant
2585,122,Female,55+,3,Organizer,Participant
2586,122,Male,45-54,3,Participant,Participant
2587,122,Female,25-34,3,Participant,Participant
2588,122,Male,18-24,3,Participant,Participant
2589,122,Female,55+,4,Organizer,Volunteer
2590,123,Male,35-44,1,Volunteer,Coordinator
2591,123,Male,18-24,2,Organizer,Organizer
2592,123,Male,45-54,6,Organizer,Analyst
2593,123,Male,35-44,3,Volunteer,Participant
2594,123,Female,35-44,3,Participant,Participant
2595,123,Female,45-54,3,Participant,Participant
2596,123,Female,25-34,3,Organizer,Participant
2597,123,Male,25-34,4,Participant,Volunteer
2598,123,Male,45-54,4,Participant,Volunteer
2599,123,Female,35-44,3,Participant,Participant
2600,123,Female,55+,3,Participant,Participant
2601,123,Male,55+,3,Participant,Participant
2602,123,Female,25-34,3,Participant,Participant
2603,123,Female,25-34,3,Participant,Participant
2604,123,Female,25-34,3,Participant,Participant
2605,123,Male,35-44,3,Participant,Participant
2606,123,Female,25-34,3,Volunteer,Participant
2607,123,Female,35-44,4,Volunteer,Volunteer
2608,123,Male,18-24,5,Participant,Speaker
2609,123,Female,18-24,3,Participant,Participant
2610,123,Male,25-34,3,Participant,Participant
2611,123,Female,18-24,4,Volunteer,Volunteer
2612,123,Female,35-44,3,Participant,Participant
2613,123,Male,18-24,4,Volunteer,Volunteer
2614,123,Male,18-24,4,Speaker,Volunteer
2615,123,Female,18-24,3,Participant,Participant
2616,123,Female,35-44,3,Organizer,Participant
2617,123,Male,45-54,5,Speaker,Speaker
2618,123,Female,18-24,3,Organizer,Participant
2619,123,Male,35-44,3,Volunteer,Participant
2620,123,Male,25-34,3,Organizer,Participant
2621,123,Female,25-34,3,Participant,Participant
2622,123,Male,35-44,5,Participant,Speaker
2623,123,Female,18-24,3,Organizer,Participant
2624,124,Female,25-34,1,Volunteer,Coordinator
2625,124,Male,55+,2,Participant,Organizer
2626,124,Female,25-34,4,Volunteer,Volunteer
2627,124,Female,25-34,4,Participant,Volunteer
2628,124,Male,35-44,5,Participant,Speaker
2629,124,Female,55+,3,Participant,Participant
2630,124,Male,55+,4,Organizer,Volunteer
2631,124,Female,35-44,3,Participant,Participant
2632,124,Female,18-24,5,Participant,Speaker
2633,124,Male,45-54,3,Organizer,Participant
2634,124,Male,35-44,4,Organizer,Volunteer
2635,124,Female,25-34,4,Participant,Volunteer
2636,124,Female,45-54,5,Participant,Speaker
2637,124,Female,25-34,3,Volunteer,Participant
2638,124,Female,18-24,3,Participant,Participant
2639,124,Female,45-54,5,Participant,Speaker
2640,124,Male,25-34,3,Participant,Participant
2641,124,Female,25-34,3,Organizer,Participant
2642,124,Female,25-34,4,Participant,Volunteer
2643,124,Male,35-44,3,Participant,Participant
2644,124,Female,25-34,6,Speaker,Analyst
2645,124,Male,25-34,3,Volunteer,Participant
2646,124,Female,35-44,4,Participant,Volunteer
2647,125,Female,45-54,1,Participant,Coordinator
2648,125,Female,25-34,2,Participant,Organizer
2649,125,Male,35-44,3,Organizer,Participant
2650,125,Male,45-54,3,Participant,Participant
2651,125,Male,25-34,3,Participant,Participant
2652,125,Female,18-24,5,Participant,Speaker
2653,125,Male,25-34,5,Participant,Speaker
2654,125,Male,45-54,3,Participant,Participant
2655,125,Male,35-44,3,Participant,Participant
2656,125,Female,35-44,3,Participant,Participant
2657,125,Male,25-34,3,Participant,Participant
2658,125,Female,55+,6,Participant,Analyst
2659,125,Male,25-34,4,Participant,Volunteer
2660,125,Male,35-44,6,Participant,Analyst
2661,125,Female,18-24,4,Participant,Volunteer
2662,125,Male,18-24,4,Participant,Volunteer
2663,125,Female,35-44,3,Volunteer,Participant
2664,125,Male,55+,6,Participant,Analyst
2665,125,Female,25-34,5,Organizer,Speaker
2666,125,Male,18-24,5,Participant,Speaker
2667,125,Male,25-34,3,Volunteer,Participant
2668,125,Female,18-24,5,Participant,Speaker
2669,125,Female,25-34,4,Organizer,Volunteer
2670,125,Female,35-44,5,Participant,Speaker
2671,125,Female,45-54,3,Participant,Participant
2672,125,Male,18-24,3,Participant,Participant
2673,125,Male,25-34,3,Participant,Participant
2674,125,Male,25-34,4,Participant,Volunteer
2675,126,Female,55+,1,Participant,Coordinator
2676,126,Male,35-44,2,Participant,Organizer
2677,126,Female,45-54,3,Volunteer,Participant
2678,126,Male,25-34,3,Volunteer,Participant
2679,126,Male,25-34,3,Participant,Participant
2680,126,Male,45-54,3,Participant,Participant
2681,126,Female,18-24,4,Participant,Volunteer
2682,126,Female,18-24,3,Participant,Participant
2683,126,Female,25-34,3,Participant,Participant
2684,126,Male,55+,3,Participant,Participant
2685,126,Female,35-44,3,Participant,Participant
2686,127,Male,18-24,1,Speaker,Coordinator
2687,127,Male,25-34,2,Participant,Organizer
2688,127,Female,45-54,3,Volunteer,Participant
2689,127,Male,35-44,3,Organizer,Participant
2690,127,Male,25-34,6,Participant,Analyst
2691,127,Female,35-44,3,Participant,Participant
2692,127,Male,55+,3,Volunteer,Participant
2693,127,Female,35-44,3,Participant,Participant
2694,127,Male,35-44,3,Participant,Participant
2695,127,Female,55+,4,Volunteer,Volunteer
2696,127,Female,35-44,5,Participant,Speaker
2697,127,Female,18-24,4,Participant,Volunteer
2698,127,Male,25-34,4,Participant,Volunteer
2699,127,Male,55+,3,Participant,Participant
2700,127,Male,25-34,3,Participant,Participant
2701,127,Female,18-24,6,Participant,Analyst
2702,127,Female,25-34,3,Organizer,Participant
2703,127,Female,35-44,4,Participant,Volunteer
2704,128,Female,35-44,1,Participant,Coordinator
2705,128,Female,25-34,2,Organizer,Organizer
2706,128,Male,25-34,5,Participant,Speaker
2707,128,Female,25-34,6,Participant,Analyst
2708,128,Male,25-34,3,Participant,Participant
2709,128,Female,25-34,3,Organizer,Participant
2710,128,Female,25-34,3,Participant,Participant
2711,128,Female,25-34,3,Participant,Participant
2712,128,Female,18-24,3,Volunteer,Participant
2713,128,Female,18-24,3,Participant,Participant
2714,128,Female,18-24,6,Participant,Analyst
2715,128,Male,18-24,3,Volunteer,Participant
2716,128,Female,25-34,4,Participant,Volunteer
2717,128,Female,35-44,3,Participant,Participant
2718,128,Male,25-34,3,Volunteer,Participant
2719,128,Male,45-54,3,Participant,Participant
2720,128,Male,45-54,3,Participant,Participant
2721,128,Male,25-34,5,Participant,Speaker
2722,128,Female,35-44,5,Participant,Speaker
2723,129,Female,35-44,1,Volunteer,Coordinator
2724,129,Male,25-34,2,Participant,Organizer
2725,129,Male,25-34,5,Volunteer,Speaker
2726,129,Male,25-34,3,Participant,Participant
2727,129,Male,25-34,3,Participant,Participant
2728,129,Female,35-44,3,Participant,Participant
2729,129,Female,25-34,3,Participant,Participant
2730,129,Male,18-24,6,Volunteer,Analyst
2731,129,Female,18-24,3,Organizer,Participant
2732,129,Female,35-44,3,Participant,Participant
2733,129,Male,18-24,4,Participant,Volunteer
2734,129,Female,45-54,3,Volunteer,Participant
2735,129,Male,35-44,5,Participant,Speaker
2736,129,Female,35-44,3,Participant,Participant
2737,129,Male,45-54,4,Speaker,Volunteer
2738,129,Male,18-24,3,Organizer,Participant
2739,130,Male,25-34,1,Organizer,Coordinator
2740,130,Male,45-54,2,Participant,Organizer
2741,130,Male,18-24,6,Participant,Analyst
2742,130,Female,35-44,3,Speaker,Participant
2743,130,Female,18-24,3,Participant,Participant
2744,130,Female,25-34,3,Participant,Participant
2745,130,Female,35-44,3,Organizer,Participant
2746,130,Male,18-24,3,Participant,Participant
2747,130,Female,25-34,3,Participant,Participant
2748,130,Female,45-54,3,Participant,Participant
2749,130,Male,45-54,3,Participant,Participant
2750,130,Female,18-24,3,Participant,Participant
2751,130,Male,18-24,4,Participant,Volunteer
2752,131,Male,18-24,1,Speaker,Coordinator
2753,131,Male,18-24,2,Participant,Organizer
2754,131,Female,45-54,4,Speaker,Volunteer
2755,131,Female,18-24,3,Organizer,Participant
2756,131,Male,45-54,5,Participant,Speaker
2757,131,Female,35-44,3,Participant,Participant
2758,131,Male,18-24,3,Participant,Participant
2759,131,Male,25-34,3,Speaker,Participant
2760,131,Female,35-44,4,Participant,Volunteer
2761,131,Female,35-44,3,Participant,Participant
2762,131,Female,45-54,4,Participant,Volunteer
2763,131,Female,45-54,3,Participant,Participant
2764,131,Male,25-34,5,Participant,Speaker
2765,131,Male,18-24,4,Participant,Volunteer
2766,131,Male,55+,3,Volunteer,Participant
2767,131,Female,25-34,3,Participant,Participant
2768,131,Male,18-24,6,Volunteer,Analyst
2769,131,Male,45-54,3,Participant,Participant
2770,131,Male,45-54,4,Volunteer,Volunteer
2771,131,Female,35-44,3,Participant,Participant
2772,131,Male,25-34,3,Participant,Participant
2773,131,Male,35-44,4,Speaker,Volunteer
2774,131,Female,35-44,3,Volunteer,Participant
2775,131,Male,45-54,3,Participant,Participant
2776,132,Male,45-54,1,Participant,Coordinator
2777,132,Female,18-24,2,Volunteer,Organizer
2778,132,Female,25-34,4,Volunteer,Volunteer
2779,132,Male,25-34,3,Organizer,Participant
2780,132,Male,45-54,4,Participant,Volunteer
2781,132,Female,25-34,3,Participant,Participant
2782,132,Female,35-44,3,Participant,Participant
2783,132,Male,25-34,3,Speaker,Participant
2784,132,Male,55+,5,Volunteer,Speaker
2785,132,Female,45-54,3,Participant,Participant
2786,133,Male,25-34,1,Participant,Coordinator
2787,133,Male,25-34,2,Participant,Organizer
2788,133,Male,18-24,3,Volunteer,Participant
2789,133,Female,25-34,3,Participant,Participant
2790,133,Male,18-24,3,Participant,Participant
2791,133,Male,45-54,4,Participant,Volunteer
2792,133,Female,25-34,4,Participant,Volunteer
2793,133,Male,18-24,3,Participant,Participant
2794,133,Male,18-24,6,Speaker,Analyst
2795,133,Male,35-44,4,Participant,Volunteer
2796,133,Female,18-24,3,Participant,Participant
2797,133,Male,25-34,5,Participant,Speaker
2798,133,Male,18-24,5,Participant,Speaker
2799,133,Male,45-54,3,Organizer,Participant
2800,133,Male,55+,3,Participant,Participant
2801,133,Male,55+,3,Participant,Participant
2802,133,Male,25-34,4,Participant,Volunteer
2803,133,Male,35-44,3,Organizer,Participant
2804,133,Female,35-44,4,Participant,Volunteer
2805,134,Female,25-34,1,Participant,Coordinator
2806,134,Male,18-24,2,Participant,Organizer
2807,134,Male,18-24,4,Volunteer,Volunteer
2808,134,Female,35-44,3,Volunteer,Participant
2809,134,Male,18-24,3,Participant,Participant
2810,134,Male,18-24,3,Participant,Participant
2811,134,Male,45-54,4,Participant,Volunteer
2812,134,Female,45-54,3,Organizer,Participant
2813,134,Female,25-34,3,Participant,Participant
2814,134,Male,18-24,3,Speaker,Participant
2815,134,Female,35-44,4,Participant,Volunteer
2816,134,Male,25-34,3,Organizer,Participant
2817,134,Male,18-24,4,Volunteer,Volunteer
2818,134,Male,18-24,4,Participant,Volunteer
2819,134,Female,18-24,3,Speaker,Participant
2820,134,Female,35-44,6,Participant,Analyst
2821,134,Female,45-54,3,Participant,Participant
2822,134,Male,35-44,5,Participant,Speaker
2823,134,Female,25-34,4,Organizer,Volunteer
2824,134,Female,25-34,3,Participant,Participant
2825,134,Female,35-44,5,Participant,Speaker
2826,135,Male,18-24,1,Participant,Coordinator
2827,135,Female,25-34,2,Participant,Organizer
2828,135,Male,35-44,6,Participant,Analyst
2829,135,Male,25-34,3,Organizer,Participant
2830,135,Female,55+,4,Participant,Volunteer
2831,135,Male,18-24,5,Participant,Speaker
2832,135,Female,55+,3,Participant,Participant
2833,135,Female,25-34,3,Participant,Participant
2834,135,Female,18-24,3,Participant,Participant
2835,135,Male,25-34,3,Participant,Participant
2836,135,Male,35-44,3,Participant,Participant
2837,135,Female,35-44,3,Participant,Participant
2838,135,Male,25-34,3,Participant,Participant
2839,135,Male,25-34,4,Speaker,Volunteer
2840,135,Male,35-44,3,Participant,Participant
2841,135,Female,25-34,3,Participant,Participant
2842,135,Female,35-44,5,Participant,Speaker
2843,135,Male,18-24,4,Participant,Volunteer
2844,136,Male,18-24,1,Participant,Coordinator
2845,136,Female,25-34,2,Participant,Organizer
2846,136,Male,35-44,3,Volunteer,Participant
2847,136,Female,25-34,4,Participant,Volunteer
2848,136,Female,45-54,3,Volunteer,Participant
2849,136,Female,25-34,5,Participant,Speaker
2850,136,Male,55+,3,Volunteer,Participant
2851,136,Female,55+,4,Organizer,Volunteer
2852,136,Female,35-44,3,Participant,Participant
2853,136,Female,45-54,4,Participant,Volunteer
2854,136,Female,35-44,3,Participant,Participant
2855,136,Male,45-54,6,Volunteer,Analyst
2856,136,Male,25-34,4,Participant,Volunteer
2857,136,Male,25-34,3,Volunteer,Participant
2858,136,Female,35-44,3,Volunteer,Participant
2859,136,Male,25-34,3,Participant,Participant
2860,136,Male,45-54,3,Volunteer,Participant
2861,136,Female,45-54,5,Participant,Speaker
2862,136,Female,25-34,3,Speaker,Participant
2863,136,Male,45-54,3,Volunteer,Participant
2864,136,Female,18-24,4,Participant,Volunteer
2865,136,Female,25-34,3,Participant,Participant
2866,136,Female,25-34,3,Organizer,Participant
2867,136,Female,25-34,3,Participant,Participant
2868,137,Male,18-24,1,Participant,Coordinator
2869,137,Male,35-44,2,Participant,Organizer
2870,137,Female,55+,3,Organizer,Participant
2871,137,Female,45-54,3,Participant,Participant
2872,137,Female,45-54,4,Participant,Volunteer
2873,137,Female,45-54,4,Organizer,Volunteer
2874,137,Male,45-54,5,Organizer,Speaker
2875,137,Female,35-44,4,Participant,Volunteer
2876,137,Male,35-44,5,Participant,Speaker
2877,137,Female,25-34,3,Participant,Participant
2878,137,Male,35-44,3,Volunteer,Participant
2879,137,Female,25-34,4,Participant,Volunteer
2880,137,Male,45-54,3,Organizer,Participant
2881,137,Male,25-34,4,Participant,Volunteer
2882,137,Male,18-24,3,Speaker,Participant
2883,137,Male,18-24,3,Speaker,Participant
2884,137,Female,35-44,4,Participant,Volunteer
2885,137,Male,25-34,3,Volunteer,Participant
2886,137,Female,25-34,3,Organizer,Participant
2887,137,Female,18-24,3,Volunteer,Participant
2888,137,Female,25-34,4,Participant,Volunteer
2889,137,Male,18-24,3,Volunteer,Participant
2890,137,Male,25-34,6,Organizer,Analyst
2891,137,Male,25-34,3,Volunteer,Participant
2892,137,Male,25-34,4,Participant,Volunteer
2893,137,Female,25-34,6,Participant,Analyst
2894,137,Male,25-34,3,Participant,Participant
2895,137,Male,45-54,4,Speaker,Volunteer
2896,137,Female,25-34,3,Participant,Participant
2897,138,Male,25-34,1,Organizer,Coordinator
2898,138,Female,45-54,2,Volunteer,Organizer
2899,138,Female,45-54,5,Participant,Speaker
2900,138,Male,55+,3,Speaker,Participant
2901,138,Female,45-54,3,Participant,Participant
2902,138,Male,18-24,3,Volunteer,Participant
2903,138,Male,35-44,3,Volunteer,Participant
2904,138,Female,18-24,3,Participant,Participant
2905,138,Male,25-34,3,Organizer,Participant
2906,138,Male,35-44,3,Participant,Participant
2907,138,Female,35-44,4,Participant,Volunteer
2908,138,Female,35-44,4,Speaker,Volunteer
2909,138,Male,18-24,5,Speaker,Speaker
2910,138,Female,18-24,3,Participant,Participant
2911,138,Female,18-24,5,Volunteer,Speaker
2912,138,Female,18-24,5,Participant,Speaker
2913,138,Female,18-24,4,Organizer,Volunteer
2914,138,Female,35-44,4,Organizer,Volunteer
2915,138,Male,45-54,3,Participant,Participant
2916,138,Male,25-34,3,Organizer,Participant
2917,138,Female,35-44,5,Volunteer,Speaker
2918,138,Female,25-34,4,Participant,Volunteer
2919,138,Male,55+,6,Organizer,Analyst
2920,138,Female,25-34,4,Participant,Volunteer
2921,138,Male,45-54,3,Participant,Participant
2922,138,Male,55+,4,Organizer,Volunteer
2923,138,Male,45-54,3,Participant,Participant
2924,138,Female,18-24,3,Participant,Participant
2925,138,Female,35-44,3,Participant,Participant
2926,138,Female,18-24,3,Participant,Participant
2927,138,Female,18-24,3,Participant,Participant
2928,139,Female,25-34,1,Organizer,Coordinator
2929,139,Female,18-24,2,Participant,Organizer
2930,139,Male,25-34,5,Speaker,Speaker
2931,139,Female,25-34,5,Volunteer,Speaker
2932,139,Female,25-34,4,Volunteer,Volunteer
2933,139,Female,55+,3,Participant,Participant
2934,139,Female,25-34,3,Participant,Participant
2935,139,Female,25-34,4,Participant,Volunteer
2936,139,Male,18-24,3,Participant,Participant
2937,139,Male,25-34,5,Participant,Speaker
2938,139,Male,18-24,3,Participant,Participant
2939,139,Female,35-44,3,Organizer,Participant
2940,139,Male,18-24,3,Volunteer,Participant
2941,139,Male,35-44,3,Participant,Participant
2942,139,Male,45-54,3,Participant,Participant
2943,139,Female,18-24,3,Participant,Participant
2944,139,Male,25-34,3,Volunteer,Participant
2945,139,Female,25-34,3,Participant,Participant
2946,139,Female,35-44,3,Participant,Participant
2947,139,Female,25-34,3,Participant,Participant
2948,139,Male,35-44,5,Participant,Speaker
2949,139,Male,35-44,4,Volunteer,Volunteer
2950,139,Female,25-34,3,Participant,Participant
2951,139,Female,25-34,3,Participant,Participant
2952,140,Male,25-34,1,Participant,Coordinator
2953,140,Male,55+,2,Volunteer,Organizer
2954,140,Male,25-34,3,Volunteer,Participant
2955,140,Female,35-44,3,Participant,Participant
2956,140,Female,25-34,4,Volunteer,Volunteer
2957,140,Female,25-34,4,Volunteer,Volunteer
2958,140,Female,25-34,3,Volunteer,Participant
2959,140,Female,25-34,3,Participant,Participant
2960,140,Female,45-54,3,Participant,Participant
2961,140,Female,18-24,3,Participant,Participant
2962,140,Female,45-54,3,Participant,Participant
2963,140,Female,35-44,3,Participant,Participant
2964,140,Male,35-44,3,Participant,Participant
2965,140,Male,35-44,3,Participant,Participant
2966,140,Female,25-34,5,Volunteer,Speaker
2967,140,Male,25-34,3,Participant,Participant
2968,140,Male,35-44,4,Participant,Volunteer
2969,140,Male,25-34,4,Participant,Volunteer
2970,140,Female,25-34,3,Participant,Participant
2971,140,Female,18-24,3,Participant,Participant
2972,140,Male,35-44,3,Participant,Participant
2973,140,Female,25-34,3,Volunteer,Participant
2974,140,Male,25-34,4,Participant,Volunteer
2975,140,Male,18-24,3,Participant,Participant
2976,140,Male,55+,3,Participant,Participant
2977,140,Female,25-34,3,Participant,Participant
2978,140,Female,35-44,3,Volunteer,Participant
2979,141,Male,18-24,1,Volunteer,Coordinator
2980,141,Female,25-34,2,Participant,Organizer
2981,141,Female,25-34,3,Organizer,Participant
2982,141,Female,35-44,3,Speaker,Participant
2983,141,Male,25-34,5,Volunteer,Speaker
2984,141,Male,18-24,5,Participant,Speaker
2985,141,Male,18-24,3,Participant,Participant
2986,141,Female,18-24,4,Volunteer,Volunteer
2987,141,Male,45-54,3,Participant,Participant
2988,141,Male,25-34,5,Organizer,Speaker
2989,141,Male,35-44,5,Participant,Speaker
2990,141,Male,35-44,3,Participant,Participant
2991,141,Male,55+,4,Participant,Volunteer
2992,141,Male,25-34,3,Volunteer,Participant
2993,141,Male,18-24,4,Participant,Volunteer
2994,141,Female,18-24,3,Volunteer,Participant
2995,141,Female,25-34,3,Participant,Participant
2996,141,Female,35-44,3,Participant,Participant
2997,141,Female,18-24,5,Participant,Speaker
2998,141,Male,25-34,3,Volunteer,Participant
2999,142,Male,35-44,1,Organizer,Coordinator
3000,142,Male,18-24,2,Participant,Organizer
3001,142,Female,25-34,3,Volunteer,Participant
3002,142,Male,35-44,4,Participant,Volunteer
3003,142,Female,35-44,3,Organizer,Participant
3004,142,Male,25-34,3,Participant,Participant
3005,142,Female,18-24,3,Participant,Participant
3006,142,Male,35-44,3,Participant,Participant
3007,142,Female,25-34,3,Participant,Participant
3008,142,Female,25-34,4,Speaker,Volunteer
3009,142,Female,35-44,5,Participant,Speaker
3010,142,Female,25-34,4,Speaker,Volunteer
3011,142,Female,18-24,3,Organizer,Participant
3012,142,Male,45-54,3,Participant,Participant
3013,142,Female,35-44,4,Participant,Volunteer
3014,143,Female,35-44,1,Participant,Coordinator
3015,143,Female,25-34,2,Participant,Organizer
3016,143,Female,25-34,5,Participant,Speaker
3017,143,Female,35-44,3,Participant,Participant
3018,143,Female,25-34,4,Participant,Volunteer
3019,143,Female,25-34,3,Participant,Participant
3020,143,Male,25-34,3,Participant,Participant
3021,143,Male,25-34,3,Organizer,Participant
3022,143,Male,55+,3,Participant,Participant
3023,143,Male,25-34,4,Participant,Volunteer
3024,143,Male,25-34,4,Participant,Volunteer
3025,143,Male,18-24,6,Participant,Analyst
3026,143,Male,45-54,4,Participant,Volunteer
3027,144,Female,45-54,1,Participant,Coordinator
3028,144,Male,55+,2,Participant,Organizer
3029,144,Female,25-34,3,Participant,Participant
3030,144,Female,18-24,3,Organizer,Participant
3031,144,Female,35-44,4,Volunteer,Volunteer
3032,144,Female,35-44,5,Speaker,Speaker
3033,144,Female,18-24,4,Participant,Volunteer
3034,144,Female,55+,5,Participant,Speaker
3035,144,Male,18-24,4,Participant,Volunteer
3036,144,Male,35-44,5,Participant,Speaker
3037,144,Female,25-34,3,Participant,Participant
3038,144,Male,25-34,3,Speaker,Participant
3039,144,Male,25-34,3,Participant,Participant
3040,144,Female,35-44,5,Participant,Speaker
3041,144,Female,55+,3,Participant,Participant
3042,144,Male,25-34,3,Volunteer,Participant
3043,144,Male,25-34,4,Speaker,Volunteer
3044,144,Female,25-34,3,Participant,Participant
3045,144,Female,45-54,3,Volunteer,Participant
3046,144,Female,55+,3,Organizer,Participant
3047,144,Male,35-44,3,Participant,Participant
3048,144,Female,25-34,4,Participant,Volunteer
3049,144,Male,55+,3,Participant,Participant
3050,144,Female,18-24,5,Participant,Speaker
3051,144,Female,25-34,3,Participant,Participant
3052,144,Female,25-34,3,Volunteer,Participant
3053,144,Male,25-34,3,Volunteer,Participant
3054,144,Female,45-54,3,Volunteer,Participant
3055,144,Female,35-44,4,Participant,Volunteer
3056,145,Male,18-24,1,Organizer,Coordinator
3057,145,Female,18-24,2,Volunteer,Organizer
3058,145,Male,25-34,4,Participant,Volunteer
3059,145,Female,35-44,3,Participant,Participant
3060,145,Female,45-54,3,Organizer,Participant
3061,145,Male,35-44,3,Participant,Participant
3062,145,Female,25-34,3,Organizer,Participant
3063,145,Male,18-24,4,Participant,Volunteer
3064,145,Female,25-34,3,Participant,Participant
3065,145,Female,25-34,6,Organizer,Analyst
3066,145,Male,35-44,3,Participant,Participant
3067,145,Male,18-24,3,Participant,Participant
3068,145,Male,25-34,3,Speaker,Participant
3069,145,Male,45-54,5,Speaker,Speaker
3070,145,Male,35-44,3,Volunteer,Participant
3071,145,Female,35-44,3,Participant,Participant
3072,145,Male,35-44,4,Participant,Volunteer
3073,145,Female,25-34,4,Organizer,Volunteer
3074,146,Female,18-24,1,Participant,Coordinator
3075,146,Male,25-34,2,Participant,Organizer
3076,146,Female,35-44,5,Participant,Speaker
3077,146,Female,55+,3,Participant,Participant
3078,146,Female,25-34,3,Participant,Participant
3079,146,Male,25-34,3,Participant,Participant
3080,146,Female,35-44,3,Participant,Participant
3081,146,Female,45-54,3,Participant,Participant
3082,146,Male,35-44,4,Speaker,Volunteer
3083,146,Female,25-34,3,Volunteer,Participant
3084,146,Female,35-44,3,Participant,Participant
3085,146,Male,25-34,3,Participant,Participant
3086,146,Female,25-34,3,Volunteer,Participant
3087,146,Male,25-34,6,Organizer,Analyst
3088,146,Female,45-54,3,Speaker,Participant
3089,146,Male,18-24,3,Participant,Participant
3090,146,Male,35-44,3,Participant,Participant
3091,146,Female,25-34,3,Volunteer,Participant
3092,146,Female,25-34,5,Participant,Speaker
3093,146,Male,25-34,5,Participant,Speaker
3094,146,Female,25-34,3,Volunteer,Participant
3095,146,Male,25-34,3,Participant,Participant
3096,146,Male,35-44,3,Speaker,Participant
3097,146,Male,25-34,5,Volunteer,Speaker
3098,146,Male,35-44,3,Volunteer,Participant
3099,146,Female,25-34,3,Speaker,Participant
3100,146,Female,25-34,3,Participant,Participant
3101,146,Male,25-34,3,Volunteer,Participant
3102,146,Male,55+,4,Participant,Volunteer
3103,146,Male,25-34,3,Volunteer,Participant
3104,146,Male,25-34,3,Volunteer,Participant
3105,146,Male,45-54,6,Organizer,Analyst
3106,146,Female,18-24,3,Participant,Participant
3107,146,Male,45-54,3,Participant,Participant
3108,146,Female,18-24,4,Participant,Volunteer
3109,147,Female,25-34,1,Participant,Coordinator
3110,147,Male,18-24,2,Participant,Organizer
3111,147,Male,25-34,4,Participant,Volunteer
3112,147,Male,35-44,6,Participant,Analyst
3113,147,Female,45-54,3,Participant,Participant
3114,147,Male,45-54,5,Volunteer,Speaker
3115,147,Male,25-34,3,Organizer,Participant
3116,147,Female,25-34,3,Participant,Participant
3117,147,Female,18-24,6,Participant,Analyst
3118,147,Female,18-24,3,Participant,Participant
3119,147,Male,25-34,3,Volunteer,Participant
3120,147,Female,25-34,3,Participant,Participant
3121,147,Male,25-34,6,Participant,Analyst
3122,147,Male,35-44,4,Participant,Volunteer
3123,147,Female,35-44,3,Organizer,Participant
3124,147,Male,25-34,3,Participant,Participant
3125,147,Female,35-44,3,Participant,Participant
3126,147,Female,25-34,3,Participant,Participant
3127,147,Male,25-34,5,Organizer,Speaker
3128,147,Male,45-54,3,Volunteer,Participant
3129,147,Female,25-34,4,Organizer,Volunteer
3130,147,Male,45-54,3,Participant,Participant
3131,147,Female,18-24,3,Speaker,Participant
3132,147,Female,35-44,4,Participant,Volunteer
3133,147,Female,35-44,3,Organizer,Participant
3134,147,Female,35-44,5,Organizer,Speaker
3135,147,Male,45-54,3,Participant,Participant
3136,147,Male,35-44,3,Participant,Participant
3137,147,Female,35-44,3,Volunteer,Participant
3138,148,Male,25-34,1,Participant,Coordinator
3139,148,Female,55+,2,Speaker,Organizer
3140,148,Male,25-34,3,Participant,Participant
3141,148,Female,45-54,5,Volunteer,Speaker
3142,148,Female,45-54,4,Participant,Volunteer
3143,148,Male,45-54,5,Participant,Speaker
3144,148,Female,18-24,3,Participant,Participant
3145,148,Female,55+,3,Volunteer,Participant
3146,148,Male,18-24,4,Participant,Volunteer
3147,148,Male,18-24,3,Participant,Participant
3148,148,Female,25-34,4,Participant,Volunteer
3149,148,Female,25-34,6,Volunteer,Analyst
3150,148,Female,25-34,4,Organizer,Volunteer
3151,148,Female,25-34,4,Volunteer,Volunteer
3152,148,Female,25-34,3,Volunteer,Participant
3153,148,Female,35-44,3,Participant,Participant
3154,148,Male,25-34,4,Participant,Volunteer
3155,148,Female,25-34,5,Participant,Speaker
3156,148,Female,55+,3,Participant,Participant
3157,148,Female,25-34,3,Participant,Participant
3158,149,Female,45-54,1,Volunteer,Coordinator
3159,149,Female,25-34,2,Volunteer,Organizer
3160,149,Male,25-34,3,Participant,Participant
3161,149,Male,35-44,3,Organizer,Participant
3162,149,Female,25-34,4,Speaker,Volunteer
3163,149,Female,35-44,5,Participant,Speaker
3164,149,Female,45-54,3,Participant,Participant
3165,149,Female,25-34,3,Participant,Participant
3166,149,Female,35-44,3,Volunteer,Participant
3167,149,Female,35-44,5,Organizer,Speaker
3168,149,Male,18-24,3,Participant,Participant
3169,149,Male,25-34,3,Volunteer,Participant
3170,149,Female,45-54,3,Participant,Participant
3171,149,Male,45-54,3,Participant,Participant
3172,150,Male,25-34,1,Participant,Coordinator
3173,150,Female,25-34,2,Participant,Organizer
3174,150,Male,25-34,3,Participant,Participant
3175,150,Male,45-54,3,Participant,Participant
3176,150,Male,35-44,3,Volunteer,Participant
3177,150,Female,25-34,3,Participant,Participant
3178,150,Male,35-44,4,Participant,Volunteer
3179,150,Male,25-34,3,Volunteer,Participant
3180,150,Female,35-44,3,Participant,Participant
3181,150,Male,25-34,3,Participant,Participant
3182,150,Female,25-34,3,Participant,Participant
3183,150,Male,35-44,4,Participant,Volunteer
3184,150,Female,35-44,4,Participant,Volunteer
3185,150,Male,25-34,3,Organizer,Participant
3186,150,Female,35-44,4,Participant,Volunteer
3187,150,Male,35-44,4,Participant,Volunteer
3188,150,Male,35-44,4,Participant,Volunteer
3189,150,Female,45-54,3,Participant,Participant
3190,150,Female,25-34,3,Participant,Participant
3191,150,Male,55+,3,Participant,Participant
3192,150,Female,35-44,3,Participant,Participant
3193,150,Female,35-44,3,Participant,Participant
3194,150,Female,35-44,3,Organizer,Participant
3195,150,Male,25-34,4,Participant,Volunteer
3196,150,Male,18-24,3,Participant,Participant
3197,150,Male,35-44,3,Organizer,Participant
3198,150,Male,25-34,3,Participant,Participant
3199,150,Male,35-44,3,Speaker,Participant
