participant_id,activity_id,gender,age_group,role_id,participation_type
1,1,Male,35-44,1,Participant
2,1,Male,35-44,2,Participant
3,1,Male,35-44,4,Participant
4,1,Female,35-44,3,Participant
5,1,Male,35-44,5,Participant
6,1,Female,55+,3,Participant
7,1,Female,45-54,3,Volunteer
8,1,Female,35-44,3,Participant
9,1,Female,35-44,4,Participant
10,1,Male,18-24,3,Volunteer
11,1,Male,35-44,3,Participant
12,1,Female,18-24,6,Organizer
13,1,Female,35-44,3,Participant
14,1,Female,55+,5,Organizer
15,1,Female,25-34,3,Organizer
16,1,Male,25-34,3,Organizer
17,1,Female,25-34,3,Participant
18,1,Female,18-24,3,Participant
19,1,Female,35-44,3,Participant
20,1,Male,25-34,3,Participant
21,1,Male,18-24,3,Participant
22,1,Male,25-34,3,Volunteer
23,1,Male,35-44,4,Participant
24,1,Female,35-44,3,Volunteer
25,1,Female,18-24,3,Organizer
26,1,Male,25-34,3,Participant
27,2,Male,45-54,1,Participant
28,2,Male,45-54,2,Participant
29,2,Female,35-44,3,Volunteer
30,2,Male,25-34,3,Participant
31,2,Male,25-34,5,Participant
32,2,Male,35-44,3,Participant
33,2,Male,25-34,3,Participant
34,2,Male,25-34,3,Participant
35,2,Male,25-34,6,Organizer
36,2,Male,25-34,5,Speaker
37,2,Female,55+,3,Volunteer
38,2,Female,45-54,3,Volunteer
39,2,Male,25-34,3,Participant
40,2,Female,35-44,3,Volunteer
41,2,Male,35-44,4,Participant
42,2,Female,18-24,5,Participant
43,2,Female,45-54,3,Participant
44,2,Female,45-54,3,Participant
45,2,Female,25-34,5,Organizer
46,2,Male,25-34,4,Participant
47,3,Male,45-54,1,Participant
48,3,Male,55+,2,Volunteer
49,3,Female,35-44,4,Participant
50,3,Male,25-34,3,Participant
51,3,Female,35-44,3,Participant
52,3,Male,35-44,3,Participant
53,3,Female,25-34,3,Participant
54,3,Male,18-24,3,Volunteer
55,3,Female,45-54,3,Volunteer
56,3,Female,25-34,6,Participant
57,3,Male,45-54,3,Organizer
58,3,Female,25-34,3,Participant
59,3,Female,18-24,3,Participant
60,3,Female,18-24,3,Participant
61,3,Female,25-34,4,Participant
62,3,Female,55+,3,Participant
63,3,Female,18-24,6,Participant
64,3,Female,45-54,3,Participant
65,3,Female,25-34,3,Speaker
66,3,Male,45-54,4,Participant
67,3,Female,25-34,4,Speaker
68,3,Female,45-54,5,Participant
69,3,Female,35-44,4,Participant
70,3,Female,25-34,3,Participant
71,3,Male,18-24,3,Participant
72,3,Female,45-54,3,Participant
73,3,Female,55+,4,Speaker
74,3,Male,18-24,3,Participant
75,3,Male,35-44,5,Organizer
76,3,Female,45-54,5,Participant
77,3,Male,45-54,3,Speaker
78,3,Male,55+,3,Participant
79,3,Female,35-44,5,Organizer
80,3,Male,25-34,4,Speaker
81,3,Male,25-34,3,Volunteer
82,3,Female,25-34,3,Participant
83,3,Female,35-44,4,Participant
84,3,Female,35-44,5,Speaker
85,4,Male,25-34,1,Participant
86,4,Male,45-54,2,Participant
87,4,Male,35-44,3,Volunteer
88,4,Female,35-44,3,Participant
89,4,Male,35-44,3,Participant
90,4,Female,25-34,3,Participant
91,4,Male,25-34,5,Participant
92,4,Male,25-34,3,Participant
93,4,Female,35-44,4,Participant
94,4,Female,18-24,3,Participant
95,4,Female,25-34,6,Participant
96,4,Female,35-44,3,Participant
97,4,Male,35-44,4,Participant
98,4,Male,35-44,3,Volunteer
99,4,Male,35-44,4,Participant
100,4,Female,55+,5,Participant
101,4,Male,25-34,3,Organizer
102,4,Female,25-34,6,Participant
103,4,Female,25-34,3,Organizer
104,4,Male,25-34,4,Participant
105,4,Male,45-54,3,Organizer
106,4,Female,25-34,3,Participant
107,4,Female,35-44,4,Participant
108,4,Female,25-34,3,Participant
109,4,Female,35-44,3,Participant
110,4,Male,35-44,6,Participant
111,4,Female,25-34,3,Participant
112,4,Female,25-34,3,Participant
113,4,Female,25-34,3,Participant
114,4,Female,18-24,3,Volunteer
115,4,Female,25-34,4,Participant
116,4,Female,18-24,3,Participant
117,4,Female,25-34,3,Participant
118,4,Female,35-44,6,Participant
119,4,Male,35-44,4,Speaker
120,4,Female,35-44,3,Organizer
121,4,Male,18-24,3,Volunteer
122,5,Male,35-44,1,Volunteer
123,5,Male,35-44,2,Organizer
124,5,Female,25-34,3,Organizer
125,5,Male,18-24,4,Volunteer
126,5,Male,35-44,5,Participant
127,5,Male,25-34,5,Volunteer
128,5,Male,45-54,3,Volunteer
129,5,Male,55+,3,Participant
130,6,Male,25-34,1,Participant
131,6,Female,25-34,2,Speaker
132,6,Male,25-34,5,Participant
133,6,Male,35-44,3,Volunteer
134,6,Male,35-44,4,Participant
135,6,Female,25-34,3,Volunteer
136,6,Female,45-54,3,Volunteer
137,6,Male,25-34,3,Organizer
138,6,Female,45-54,4,Participant
139,6,Female,18-24,3,Organizer
140,6,Female,55+,3,Participant
141,6,Male,35-44,3,Participant
142,6,Female,25-34,4,Participant
143,6,Male,25-34,3,Participant
144,6,Male,25-34,5,Volunteer
145,6,Female,25-34,3,Participant
146,6,Female,18-24,3,Participant
147,6,Male,35-44,5,Participant
148,6,Male,25-34,4,Volunteer
149,6,Male,35-44,3,Participant
150,6,Male,45-54,3,Participant
151,6,Female,25-34,5,Participant
152,6,Female,35-44,3,Participant
153,6,Female,18-24,3,Participant
154,6,Female,35-44,3,Participant
155,7,Female,35-44,1,Organizer
156,7,Male,35-44,2,Participant
157,7,Female,25-34,4,Participant
158,7,Female,25-34,3,Volunteer
159,7,Female,35-44,4,Participant
160,8,Male,25-34,1,Participant
161,8,Male,25-34,2,Participant
162,8,Female,35-44,3,Participant
163,8,Female,18-24,4,Volunteer
164,8,Female,55+,4,Participant
165,8,Male,35-44,3,Organizer
166,8,Female,35-44,3,Participant
167,8,Male,18-24,3,Participant
168,8,Male,25-34,3,Participant
169,8,Female,25-34,3,Volunteer
170,8,Male,45-54,3,Speaker
171,8,Female,18-24,5,Participant
172,8,Male,25-34,4,Participant
173,8,Male,55+,3,Participant
174,8,Female,25-34,3,Participant
175,8,Female,25-34,3,Participant
176,8,Female,18-24,4,Participant
177,8,Female,55+,4,Participant
178,8,Female,18-24,3,Volunteer
179,8,Female,35-44,3,Organizer
180,8,Male,35-44,3,Participant
181,9,Male,45-54,1,Participant
182,9,Male,18-24,2,Participant
183,9,Male,18-24,5,Participant
184,9,Male,35-44,4,Participant
185,9,Female,25-34,4,Participant
186,9,Female,25-34,3,Participant
187,9,Male,35-44,3,Participant
188,9,Female,25-34,6,Participant
189,9,Male,25-34,3,Participant
190,9,Male,25-34,4,Participant
191,9,Female,35-44,4,Participant
192,9,Male,35-44,4,Participant
193,9,Male,25-34,5,Participant
194,9,Male,25-34,3,Organizer
195,9,Female,18-24,3,Participant
196,9,Female,18-24,3,Participant
197,9,Female,35-44,3,Participant
198,9,Female,25-34,3,Participant
199,9,Female,18-24,5,Participant
200,9,Male,35-44,4,Volunteer
201,9,Female,35-44,4,Volunteer
202,9,Male,35-44,3,Speaker
203,9,Male,25-34,3,Organizer
204,9,Male,25-34,4,Speaker
205,9,Female,25-34,4,Organizer
206,10,Female,18-24,1,Speaker
207,10,Male,18-24,2,Participant
208,10,Female,25-34,3,Participant
209,10,Male,25-34,3,Organizer
210,10,Male,25-34,6,Participant
211,10,Female,55+,5,Participant
212,10,Female,55+,3,Participant
213,10,Female,55+,3,Participant
214,10,Female,35-44,5,Participant
215,10,Male,25-34,4,Participant
216,10,Female,25-34,3,Organizer
217,10,Male,25-34,3,Organizer
218,10,Female,45-54,3,Participant
219,10,Male,18-24,3,Participant
220,10,Female,25-34,3,Volunteer
221,10,Female,18-24,4,Participant
222,10,Female,25-34,3,Speaker
223,10,Male,45-54,4,Participant
224,10,Male,35-44,5,Participant
225,10,Male,25-34,3,Participant
226,11,Female,45-54,1,Participant
227,11,Male,25-34,2,Organizer
228,11,Male,25-34,3,Participant
229,11,Female,45-54,3,Participant
230,11,Female,35-44,5,Participant
231,11,Female,25-34,4,Organizer
232,11,Female,35-44,3,Participant
233,11,Male,45-54,3,Participant
234,11,Female,35-44,3,Participant
235,11,Female,35-44,3,Participant
236,11,Male,25-34,4,Participant
237,11,Female,25-34,4,Volunteer
238,11,Male,25-34,6,Participant
239,11,Female,45-54,5,Participant
240,11,Male,45-54,3,Participant
241,11,Female,45-54,4,Participant
242,11,Female,18-24,3,Organizer
243,11,Female,35-44,4,Volunteer
244,11,Female,35-44,4,Participant
245,11,Male,35-44,3,Participant
246,11,Male,35-44,3,Participant
247,11,Male,45-54,4,Speaker
248,11,Female,25-34,4,Participant
249,11,Female,25-34,6,Participant
250,11,Female,18-24,3,Speaker
251,11,Male,25-34,3,Participant
252,11,Male,35-44,3,Participant
253,11,Female,35-44,4,Volunteer
254,11,Female,25-34,4,Organizer
255,11,Female,18-24,5,Participant
256,11,Male,35-44,3,Participant
257,11,Male,18-24,3,Participant
258,12,Male,45-54,1,Volunteer
259,12,Male,35-44,2,Participant
260,12,Male,35-44,3,Volunteer
261,12,Female,25-34,3,Volunteer
262,12,Male,55+,4,Organizer
263,12,Male,18-24,3,Participant
264,12,Male,35-44,3,Participant
265,12,Female,25-34,6,Participant
266,12,Female,25-34,4,Participant
267,12,Female,25-34,3,Organizer
268,12,Female,55+,3,Participant
269,12,Female,55+,3,Volunteer
270,12,Male,25-34,3,Participant
271,12,Female,18-24,3,Organizer
272,12,Female,35-44,3,Participant
273,12,Female,25-34,3,Organizer
274,12,Female,18-24,3,Volunteer
275,12,Female,35-44,3,Participant
276,12,Female,25-34,4,Participant
277,12,Female,55+,5,Participant
278,12,Male,25-34,3,Participant
279,12,Male,25-34,3,Participant
280,12,Female,25-34,3,Volunteer
281,12,Female,35-44,3,Participant
282,12,Male,25-34,3,Organizer
283,12,Female,35-44,3,Participant
284,12,Female,25-34,5,Participant
285,12,Male,45-54,4,Speaker
286,12,Female,25-34,5,Organizer
287,12,Male,18-24,4,Participant
288,12,Male,35-44,6,Participant
289,12,Female,25-34,3,Participant
290,12,Female,18-24,3,Speaker
291,12,Male,45-54,6,Participant
292,12,Female,25-34,3,Participant
293,12,Female,35-44,3,Organizer
294,12,Male,25-34,5,Participant
295,12,Female,35-44,3,Speaker
296,12,Female,18-24,3,Participant
297,12,Male,25-34,5,Organizer
298,12,Female,55+,4,Speaker
299,13,Male,18-24,1,Organizer
300,13,Male,35-44,2,Volunteer
301,13,Female,18-24,4,Volunteer
302,13,Female,25-34,3,Participant
303,13,Male,18-24,3,Participant
304,13,Male,35-44,3,Participant
305,13,Female,18-24,3,Participant
306,13,Female,35-44,4,Participant
307,13,Female,55+,3,Participant
308,13,Female,18-24,3,Speaker
309,13,Male,18-24,3,Participant
310,13,Female,25-34,6,Volunteer
311,13,Male,45-54,4,Volunteer
312,13,Male,25-34,6,Participant
313,13,Female,25-34,3,Participant
314,13,Male,18-24,3,Participant
315,13,Female,35-44,3,Participant
316,13,Male,25-34,3,Organizer
317,13,Male,35-44,3,Organizer
318,13,Male,45-54,3,Participant
319,13,Male,25-34,5,Organizer
320,13,Female,45-54,3,Participant
321,14,Male,35-44,1,Participant
322,14,Female,25-34,2,Participant
323,14,Male,25-34,3,Participant
324,14,Male,25-34,6,Participant
325,14,Female,35-44,4,Participant
326,14,Female,25-34,4,Participant
327,14,Male,18-24,3,Volunteer
328,14,Male,45-54,6,Participant
329,14,Female,18-24,3,Participant
330,14,Male,55+,6,Participant
331,14,Female,18-24,3,Volunteer
332,14,Female,35-44,3,Organizer
333,14,Female,18-24,4,Volunteer
334,14,Male,45-54,3,Participant
335,14,Male,25-34,3,Participant
336,15,Male,25-34,1,Participant
337,15,Female,18-24,2,Participant
338,15,Female,25-34,4,Volunteer
339,15,Female,45-54,4,Participant
340,15,Male,25-34,4,Participant
341,15,Female,45-54,4,Speaker
342,15,Male,25-34,4,Volunteer
343,15,Female,45-54,3,Participant
344,15,Male,35-44,5,Organizer
345,15,Male,18-24,5,Participant
346,15,Female,35-44,4,Volunteer
347,15,Female,18-24,4,Organizer
348,15,Female,25-34,3,Participant
349,15,Female,45-54,5,Participant
350,16,Female,45-54,1,Participant
351,16,Male,25-34,2,Participant
352,16,Female,25-34,4,Organizer
353,16,Male,45-54,4,Speaker
354,16,Male,18-24,3,Participant
355,16,Male,25-34,3,Organizer
356,16,Male,45-54,3,Volunteer
357,16,Female,25-34,3,Organizer
358,16,Female,18-24,5,Participant
359,16,Female,25-34,5,Participant
360,16,Female,45-54,3,Organizer
361,16,Female,35-44,3,Speaker
362,16,Male,25-34,3,Speaker
363,16,Male,25-34,3,Participant
364,16,Female,25-34,3,Participant
365,16,Male,35-44,5,Participant
366,16,Male,35-44,3,Participant
367,16,Male,18-24,3,Participant
368,16,Male,45-54,3,Volunteer
369,16,Female,18-24,3,Participant
370,16,Female,25-34,3,Participant
371,16,Female,18-24,6,Participant
372,16,Female,25-34,3,Participant
373,16,Male,25-34,3,Organizer
374,17,Male,45-54,1,Participant
375,17,Male,25-34,2,Volunteer
376,17,Male,45-54,3,Participant
377,17,Female,35-44,3,Speaker
378,17,Female,18-24,3,Volunteer
379,17,Female,25-34,3,Volunteer
380,17,Female,35-44,4,Participant
381,18,Female,25-34,1,Organizer
382,18,Male,18-24,2,Participant
383,18,Female,35-44,3,Participant
384,18,Male,25-34,3,Participant
385,18,Female,25-34,3,Speaker
386,18,Male,25-34,3,Participant
387,18,Male,25-34,4,Volunteer
388,18,Male,35-44,3,Volunteer
389,18,Female,25-34,3,Participant
390,18,Male,35-44,4,Volunteer
391,18,Male,45-54,3,Participant
392,18,Female,25-34,3,Volunteer
393,18,Female,35-44,6,Participant
394,18,Female,45-54,6,Organizer
395,18,Male,25-34,3,Organizer
396,18,Female,25-34,3,Participant
397,18,Female,35-44,3,Organizer
398,18,Male,35-44,5,Volunteer
399,18,Female,45-54,4,Volunteer
400,18,Female,25-34,4,Organizer
401,18,Male,55+,3,Participant
402,18,Male,18-24,3,Participant
403,19,Female,35-44,1,Participant
404,19,Female,25-34,2,Participant
405,19,Female,45-54,5,Participant
406,19,Male,25-34,5,Participant
407,19,Male,25-34,4,Participant
408,19,Male,18-24,3,Participant
409,19,Female,25-34,3,Participant
410,19,Female,18-24,3,Organizer
411,19,Male,35-44,5,Participant
412,19,Male,45-54,3,Participant
413,19,Female,25-34,5,Volunteer
414,19,Male,25-34,4,Participant
415,19,Female,18-24,3,Organizer
416,19,Female,25-34,3,Volunteer
417,19,Female,25-34,4,Participant
418,19,Male,35-44,5,Participant
419,20,Female,18-24,1,Volunteer
420,20,Female,25-34,2,Participant
421,20,Male,25-34,3,Participant
422,20,Female,45-54,3,Volunteer
423,20,Male,25-34,5,Participant
424,20,Male,18-24,6,Organizer
425,20,Female,35-44,4,Participant
426,20,Male,35-44,5,Participant
427,20,Male,18-24,4,Volunteer
428,20,Male,45-54,3,Participant
429,20,Male,25-34,4,Participant
430,20,Male,25-34,3,Participant
431,20,Female,25-34,3,Volunteer
432,20,Female,35-44,3,Organizer
433,20,Male,25-34,3,Participant
434,20,Male,45-54,3,Participant
435,20,Female,35-44,3,Participant
436,20,Female,35-44,4,Participant
437,20,Male,35-44,4,Participant
438,20,Male,35-44,3,Participant
439,20,Male,18-24,3,Volunteer
440,20,Male,25-34,4,Participant
441,20,Female,45-54,5,Participant
442,20,Female,18-24,3,Participant
443,20,Male,35-44,3,Volunteer
444,20,Female,55+,4,Volunteer
445,20,Female,18-24,4,Participant
446,20,Female,35-44,3,Participant
447,20,Male,25-34,3,Speaker
448,20,Male,35-44,3,Participant
449,20,Female,18-24,4,Participant
450,20,Female,18-24,3,Volunteer
451,20,Male,35-44,3,Participant
452,20,Male,45-54,4,Volunteer
453,21,Male,18-24,1,Speaker
454,21,Female,25-34,2,Participant
455,21,Female,25-34,3,Participant
456,21,Male,35-44,3,Participant
457,21,Female,25-34,3,Participant
458,21,Male,55+,6,Participant
459,21,Female,55+,3,Participant
460,21,Male,35-44,5,Participant
461,21,Male,45-54,3,Organizer
462,21,Male,35-44,3,Volunteer
463,21,Female,25-34,4,Participant
464,21,Male,25-34,4,Participant
465,21,Female,25-34,6,Speaker
466,21,Female,35-44,3,Volunteer
467,21,Male,45-54,4,Participant
468,21,Male,25-34,3,Participant
469,21,Male,45-54,4,Speaker
470,21,Female,35-44,4,Volunteer
471,21,Female,18-24,4,Volunteer
472,22,Male,35-44,1,Participant
473,22,Female,18-24,2,Participant
474,22,Female,18-24,3,Participant
475,22,Male,18-24,3,Participant
476,22,Female,25-34,3,Volunteer
477,22,Male,25-34,3,Participant
478,22,Female,35-44,5,Volunteer
479,22,Female,55+,3,Volunteer
480,22,Male,25-34,5,Volunteer
481,22,Female,35-44,3,Participant
482,22,Female,25-34,3,Participant
483,22,Female,45-54,3,Organizer
484,22,Male,45-54,4,Participant
485,22,Female,45-54,3,Volunteer
486,22,Male,55+,3,Organizer
487,22,Female,18-24,5,Organizer
488,22,Male,45-54,4,Volunteer
489,22,Male,35-44,3,Volunteer
490,22,Female,25-34,3,Participant
491,22,Female,55+,3,Participant
492,22,Female,18-24,5,Participant
493,23,Female,25-34,1,Participant
494,23,Female,25-34,2,Speaker
495,23,Male,35-44,3,Participant
496,23,Female,35-44,4,Participant
497,23,Female,25-34,3,Participant
498,23,Male,35-44,3,Volunteer
499,23,Female,35-44,3,Participant
500,23,Female,45-54,3,Participant
501,23,Female,45-54,4,Participant
502,23,Female,25-34,3,Speaker
503,23,Male,25-34,4,Participant
504,23,Female,18-24,3,Volunteer
505,24,Male,18-24,1,Participant
506,24,Female,35-44,2,Volunteer
507,24,Male,18-24,5,Speaker
508,24,Female,35-44,4,Participant
509,24,Female,35-44,3,Participant
510,24,Female,45-54,3,Participant
511,24,Female,18-24,3,Participant
512,24,Male,25-34,5,Participant
513,24,Female,25-34,5,Participant
514,24,Female,35-44,3,Participant
515,24,Male,25-34,3,Participant
516,24,Female,25-34,4,Organizer
517,24,Female,25-34,3,Participant
518,24,Female,25-34,6,Volunteer
519,24,Female,25-34,4,Organizer
520,24,Female,18-24,4,Volunteer
521,24,Male,55+,4,Speaker
522,24,Female,35-44,3,Speaker
523,24,Female,55+,5,Organizer
524,24,Male,25-34,3,Speaker
525,24,Male,45-54,3,Participant
526,24,Female,45-54,6,Participant
527,24,Female,35-44,3,Participant
528,24,Female,35-44,3,Participant
529,24,Female,25-34,3,Participant
530,24,Female,45-54,3,Volunteer
531,24,Female,25-34,4,Participant
532,24,Male,18-24,4,Participant
533,25,Male,45-54,1,Volunteer
534,25,Female,18-24,2,Participant
535,25,Male,35-44,3,Speaker
536,25,Female,35-44,3,Participant
537,25,Female,25-34,4,Participant
538,25,Male,18-24,3,Participant
539,25,Female,35-44,4,Organizer
540,25,Female,25-34,5,Organizer
541,25,Female,45-54,3,Organizer
542,25,Male,25-34,3,Volunteer
543,25,Male,45-54,3,Participant
544,25,Female,25-34,3,Participant
545,25,Male,35-44,3,Participant
546,25,Female,35-44,3,Volunteer
547,25,Male,35-44,3,Participant
548,25,Male,25-34,3,Volunteer
549,25,Female,35-44,3,Participant
550,25,Female,25-34,3,Speaker
551,25,Female,35-44,3,Volunteer
552,25,Female,25-34,3,Participant
553,25,Female,45-54,4,Participant
554,25,Female,18-24,5,Volunteer
555,25,Male,45-54,5,Organizer
556,25,Female,45-54,4,Participant
557,26,Male,18-24,1,Participant
558,26,Male,25-34,2,Participant
559,26,Male,35-44,3,Participant
560,26,Female,55+,5,Organizer
561,26,Female,35-44,5,Participant
562,26,Female,35-44,3,Volunteer
563,26,Male,45-54,5,Participant
564,26,Female,25-34,3,Participant
565,26,Female,45-54,3,Participant
566,26,Male,18-24,3,Participant
567,26,Male,45-54,4,Participant
568,26,Female,25-34,3,Participant
569,26,Male,25-34,4,Volunteer
570,26,Female,25-34,3,Volunteer
571,26,Female,35-44,3,Participant
572,26,Female,18-24,3,Participant
573,26,Female,45-54,4,Volunteer
574,26,Female,45-54,3,Participant
575,26,Male,25-34,3,Organizer
576,26,Female,45-54,3,Participant
577,26,Female,35-44,3,Participant
578,26,Male,35-44,3,Participant
579,27,Male,18-24,1,Volunteer
580,27,Male,55+,2,Participant
581,27,Male,35-44,5,Participant
582,27,Female,25-34,3,Volunteer
583,27,Male,45-54,3,Participant
584,27,Male,25-34,5,Participant
585,27,Male,55+,4,Volunteer
586,27,Female,25-34,3,Volunteer
587,27,Male,18-24,3,Participant
588,27,Female,35-44,3,Participant
589,27,Female,35-44,3,Volunteer
590,27,Female,35-44,3,Participant
591,27,Male,55+,3,Participant
592,28,Male,35-44,1,Participant
593,28,Female,25-34,2,Participant
594,28,Female,25-34,3,Speaker
595,28,Female,25-34,3,Participant
596,28,Female,25-34,3,Participant
597,28,Female,35-44,4,Participant
598,28,Female,35-44,3,Volunteer
599,28,Male,18-24,3,Participant
600,28,Male,25-34,4,Volunteer
601,28,Female,35-44,3,Volunteer
602,28,Male,25-34,5,Participant
603,28,Female,35-44,6,Volunteer
604,28,Female,25-34,4,Volunteer
605,28,Male,25-34,3,Participant
606,28,Female,18-24,3,Participant
607,28,Male,25-34,3,Volunteer
608,28,Female,35-44,5,Participant
609,28,Female,25-34,5,Volunteer
610,28,Female,35-44,3,Participant
611,28,Male,45-54,3,Participant
612,28,Male,25-34,3,Participant
613,28,Male,35-44,3,Volunteer
614,28,Female,25-34,4,Participant
615,28,Female,25-34,6,Volunteer
616,28,Female,35-44,5,Volunteer
617,28,Female,25-34,4,Participant
618,28,Male,35-44,3,Participant
619,28,Female,25-34,3,Participant
620,28,Male,35-44,3,Speaker
621,28,Male,45-54,5,Volunteer
622,28,Female,45-54,3,Organizer
623,28,Male,35-44,3,Participant
624,28,Female,35-44,3,Organizer
625,28,Female,25-34,5,Participant
626,28,Female,35-44,3,Participant
627,29,Female,25-34,1,Volunteer
628,29,Female,25-34,2,Organizer
629,29,Male,35-44,5,Participant
630,29,Female,35-44,3,Participant
631,29,Female,25-34,6,Organizer
632,29,Female,25-34,3,Volunteer
633,29,Female,25-34,4,Participant
634,29,Male,45-54,3,Organizer
635,29,Male,25-34,3,Participant
636,29,Male,45-54,6,Organizer
637,29,Female,25-34,4,Organizer
638,29,Male,55+,3,Participant
639,29,Male,45-54,3,Participant
640,29,Male,25-34,5,Participant
641,30,Male,35-44,1,Participant
642,30,Male,25-34,2,Participant
643,30,Male,55+,3,Participant
644,30,Male,35-44,5,Participant
645,30,Male,25-34,3,Volunteer
646,30,Female,45-54,3,Participant
647,30,Male,45-54,3,Organizer
648,30,Female,18-24,6,Organizer
649,30,Male,25-34,3,Participant
650,30,Male,25-34,6,Participant
651,30,Female,35-44,3,Organizer
652,30,Female,35-44,3,Participant
653,30,Male,35-44,4,Participant
654,30,Male,55+,3,Volunteer
655,30,Female,35-44,3,Participant
656,30,Male,18-24,3,Speaker
657,31,Female,25-34,1,Participant
658,31,Male,18-24,2,Participant
659,31,Male,45-54,4,Participant
660,31,Female,35-44,3,Organizer
661,31,Male,35-44,3,Volunteer
662,32,Female,35-44,1,Participant
663,32,Male,18-24,2,Participant
664,32,Female,35-44,3,Volunteer
665,32,Male,25-34,3,Volunteer
666,32,Female,25-34,5,Participant
667,32,Female,45-54,4,Participant
668,32,Female,45-54,3,Speaker
669,32,Female,45-54,3,Participant
670,32,Female,25-34,3,Participant
671,32,Male,35-44,3,Volunteer
672,32,Male,25-34,4,Participant
673,32,Female,45-54,3,Participant
674,32,Female,25-34,3,Participant
675,32,Female,55+,3,Participant
676,32,Male,45-54,3,Participant
677,32,Male,35-44,6,Speaker
678,32,Male,25-34,4,Volunteer
679,32,Female,18-24,4,Participant
680,32,Female,45-54,3,Volunteer
681,32,Female,18-24,4,Participant
682,32,Male,45-54,4,Participant
683,32,Female,25-34,4,Volunteer
684,32,Male,25-34,3,Participant
685,32,Male,45-54,3,Participant
686,32,Female,35-44,4,Organizer
687,33,Male,45-54,1,Participant
688,33,Female,45-54,2,Participant
689,33,Male,45-54,4,Participant
690,33,Female,25-34,3,Participant
691,33,Male,25-34,5,Organizer
692,33,Female,35-44,6,Participant
693,33,Male,25-34,6,Volunteer
694,33,Female,18-24,3,Participant
695,33,Male,25-34,3,Participant
696,33,Male,25-34,4,Participant
697,33,Male,25-34,3,Participant
698,33,Male,25-34,5,Participant
699,33,Male,25-34,3,Organizer
700,33,Female,18-24,5,Participant
701,33,Female,35-44,3,Participant
702,33,Female,35-44,3,Organizer
703,33,Male,35-44,6,Volunteer
704,33,Male,25-34,3,Volunteer
705,33,Female,25-34,3,Participant
706,33,Male,35-44,5,Participant
707,33,Male,35-44,4,Participant
708,33,Male,25-34,3,Organizer
709,33,Female,25-34,3,Participant
710,33,Female,45-54,6,Participant
711,33,Male,25-34,5,Volunteer
712,33,Male,25-34,3,Participant
713,33,Female,35-44,3,Participant
714,33,Female,25-34,6,Participant
715,34,Male,18-24,1,Participant
716,34,Male,25-34,2,Participant
717,34,Male,18-24,3,Organizer
718,34,Female,35-44,3,Participant
719,34,Female,25-34,6,Participant
720,34,Female,45-54,3,Participant
721,34,Female,35-44,5,Volunteer
722,34,Female,35-44,3,Volunteer
723,34,Male,35-44,4,Participant
724,34,Female,45-54,3,Participant
725,34,Male,25-34,3,Volunteer
726,34,Female,45-54,3,Volunteer
727,34,Male,35-44,3,Participant
728,34,Female,35-44,3,Participant
729,34,Male,35-44,4,Volunteer
730,34,Male,25-34,3,Participant
731,34,Female,25-34,3,Participant
732,34,Female,35-44,3,Participant
733,34,Male,18-24,4,Volunteer
734,34,Female,35-44,3,Participant
735,35,Male,25-34,1,Participant
736,35,Male,25-34,2,Participant
737,35,Female,45-54,3,Participant
738,35,Male,55+,6,Participant
739,35,Male,25-34,3,Volunteer
740,35,Female,35-44,3,Participant
741,35,Female,25-34,3,Participant
742,35,Female,25-34,3,Organizer
743,35,Male,25-34,3,Organizer
744,35,Female,25-34,4,Participant
745,35,Male,25-34,3,Volunteer
746,35,Male,25-34,4,Organizer
747,35,Female,18-24,6,Participant
748,35,Male,45-54,3,Volunteer
749,35,Male,18-24,3,Participant
750,35,Female,25-34,3,Participant
751,36,Female,35-44,1,Volunteer
752,36,Male,35-44,2,Participant
753,36,Female,35-44,3,Participant
754,36,Male,25-34,3,Participant
755,36,Female,45-54,3,Participant
756,36,Male,18-24,3,Participant
757,36,Male,18-24,3,Organizer
758,36,Male,25-34,3,Organizer
759,36,Female,18-24,4,Participant
760,36,Female,25-34,3,Participant
761,36,Female,45-54,4,Volunteer
762,36,Male,55+,4,Participant
763,36,Male,25-34,3,Participant
764,36,Female,25-34,3,Participant
765,36,Female,25-34,3,Participant
766,36,Female,25-34,5,Participant
767,36,Male,18-24,4,Participant
768,36,Female,45-54,3,Participant
769,36,Male,25-34,3,Volunteer
770,36,Male,25-34,3,Participant
771,36,Female,18-24,4,Participant
772,36,Female,45-54,6,Participant
773,36,Female,35-44,3,Participant
774,36,Female,55+,3,Organizer
775,36,Female,35-44,4,Volunteer
776,36,Female,25-34,4,Participant
777,36,Male,25-34,3,Organizer
778,36,Female,35-44,3,Participant
779,36,Female,25-34,3,Organizer
780,36,Male,35-44,3,Speaker
781,36,Male,18-24,3,Participant
782,36,Female,18-24,3,Organizer
783,36,Male,25-34,3,Participant
784,36,Female,35-44,4,Participant
785,37,Male,18-24,1,Speaker
786,37,Male,25-34,2,Participant
787,37,Male,18-24,3,Participant
788,37,Female,55+,3,Organizer
789,37,Female,18-24,4,Volunteer
790,37,Male,18-24,5,Participant
791,37,Male,45-54,4,Participant
792,37,Female,55+,4,Participant
793,37,Male,35-44,4,Volunteer
794,37,Female,18-24,3,Volunteer
795,37,Female,18-24,3,Participant
796,37,Female,25-34,3,Participant
797,37,Female,18-24,3,Volunteer
798,37,Female,18-24,3,Volunteer
799,37,Male,25-34,5,Participant
800,37,Female,55+,5,Speaker
801,37,Female,25-34,4,Volunteer
802,37,Female,35-44,6,Participant
803,37,Female,35-44,3,Volunteer
804,37,Female,25-34,4,Participant
805,37,Male,35-44,3,Volunteer
806,37,Male,25-34,3,Volunteer
807,37,Male,18-24,3,Participant
808,37,Male,35-44,3,Organizer
809,37,Female,18-24,4,Volunteer
810,38,Male,25-34,1,Participant
811,38,Female,25-34,2,Participant
812,38,Female,25-34,3,Participant
813,38,Male,25-34,4,Participant
814,38,Male,45-54,6,Participant
815,38,Female,35-44,3,Volunteer
816,38,Female,35-44,3,Volunteer
817,38,Female,25-34,6,Participant
818,38,Male,35-44,4,Participant
819,38,Male,35-44,6,Participant
820,38,Female,18-24,4,Volunteer
821,38,Female,35-44,6,Volunteer
822,38,Male,25-34,3,Speaker
823,38,Female,45-54,4,Volunteer
824,38,Female,25-34,4,Participant
825,38,Female,55+,3,Participant
826,38,Female,18-24,4,Participant
827,38,Female,35-44,3,Participant
828,38,Male,35-44,4,Participant
829,38,Male,35-44,3,Participant
830,38,Male,25-34,3,Participant
831,38,Male,25-34,3,Organizer
832,38,Female,35-44,6,Volunteer
833,38,Male,25-34,3,Speaker
834,38,Female,25-34,3,Participant
835,38,Male,25-34,4,Participant
836,38,Male,25-34,3,Participant
837,38,Female,25-34,3,Participant
838,38,Female,25-34,3,Participant
839,38,Female,25-34,3,Participant
840,38,Female,35-44,3,Organizer
841,38,Female,35-44,5,Participant
842,38,Male,45-54,3,Participant
843,38,Male,55+,3,Participant
844,38,Female,25-34,4,Participant
845,38,Female,18-24,3,Participant
846,38,Female,18-24,3,Organizer
847,38,Male,25-34,3,Participant
848,38,Female,45-54,3,Participant
849,39,Male,25-34,1,Participant
850,39,Female,25-34,2,Participant
851,39,Female,25-34,3,Speaker
852,39,Male,25-34,3,Participant
853,39,Female,25-34,4,Volunteer
854,39,Male,35-44,3,Participant
855,39,Female,45-54,6,Organizer
856,39,Male,25-34,5,Participant
857,39,Female,25-34,4,Participant
858,40,Female,25-34,1,Organizer
859,40,Male,25-34,2,Volunteer
860,40,Female,25-34,5,Volunteer
861,40,Female,25-34,3,Volunteer
862,40,Male,18-24,3,Participant
863,40,Female,25-34,4,Organizer
864,40,Male,45-54,3,Volunteer
865,40,Female,25-34,3,Participant
866,40,Female,25-34,3,Volunteer
867,40,Female,18-24,6,Volunteer
868,40,Female,25-34,3,Participant
869,40,Female,45-54,3,Organizer
870,40,Male,18-24,3,Participant
871,40,Male,25-34,3,Speaker
872,40,Male,18-24,3,Participant
873,40,Female,25-34,3,Volunteer
874,41,Male,25-34,1,Participant
875,41,Male,45-54,2,Participant
876,41,Male,55+,3,Volunteer
877,41,Female,35-44,3,Participant
878,41,Female,35-44,4,Participant
879,41,Female,35-44,3,Participant
880,41,Male,18-24,4,Participant
881,41,Female,18-24,4,Participant
882,42,Female,25-34,1,Organizer
883,42,Male,25-34,2,Volunteer
884,42,Female,18-24,3,Participant
885,42,Male,25-34,3,Participant
886,42,Female,55+,3,Volunteer
887,42,Male,45-54,3,Participant
888,42,Female,35-44,3,Participant
889,42,Female,25-34,3,Participant
890,42,Female,35-44,5,Organizer
891,42,Female,35-44,4,Participant
892,42,Male,35-44,3,Participant
893,42,Female,18-24,5,Participant
894,42,Male,35-44,3,Participant
895,42,Female,35-44,3,Participant
896,42,Female,55+,3,Organizer
897,42,Male,18-24,3,Participant
898,42,Female,35-44,3,Participant
899,42,Male,35-44,3,Participant
900,42,Male,25-34,3,Participant
901,42,Male,18-24,3,Participant
902,42,Female,25-34,3,Participant
903,42,Male,25-34,4,Participant
904,42,Male,25-34,3,Participant
905,42,Male,35-44,3,Participant
906,42,Female,35-44,3,Volunteer
907,42,Male,35-44,3,Participant
908,42,Male,45-54,3,Participant
909,42,Male,25-34,3,Volunteer
910,42,Female,25-34,3,Participant
911,42,Female,35-44,4,Participant
912,42,Male,25-34,3,Organizer
913,42,Female,25-34,3,Participant
914,42,Male,25-34,3,Volunteer
915,43,Female,25-34,1,Participant
916,43,Female,45-54,2,Participant
917,43,Female,18-24,4,Participant
918,43,Female,25-34,3,Participant
919,43,Female,35-44,5,Volunteer
920,43,Male,45-54,5,Volunteer
921,43,Male,35-44,3,Volunteer
922,43,Male,45-54,3,Participant
923,43,Male,18-24,4,Organizer
924,43,Male,25-34,4,Volunteer
925,43,Female,25-34,3,Volunteer
926,43,Male,45-54,3,Participant
927,43,Female,18-24,3,Participant
928,43,Female,18-24,5,Volunteer
929,43,Male,25-34,4,Participant
930,43,Female,18-24,5,Organizer
931,43,Female,25-34,5,Participant
932,43,Female,55+,3,Participant
933,43,Female,25-34,3,Participant
934,43,Male,35-44,3,Organizer
935,43,Female,35-44,3,Organizer
936,43,Female,25-34,3,Organizer
937,43,Female,18-24,4,Participant
938,44,Male,18-24,1,Volunteer
939,44,Male,25-34,2,Participant
940,44,Female,18-24,3,Participant
941,44,Male,35-44,4,Volunteer
942,44,Male,25-34,5,Participant
943,44,Male,25-34,3,Participant
944,44,Male,18-24,3,Volunteer
945,44,Female,25-34,4,Volunteer
946,44,Male,45-54,3,Volunteer
947,44,Male,25-34,3,Organizer
948,44,Male,35-44,3,Participant
949,44,Female,35-44,3,Volunteer
950,44,Male,45-54,3,Participant
951,44,Male,18-24,3,Participant
952,44,Female,55+,5,Volunteer
953,44,Female,35-44,4,Volunteer
954,44,Female,55+,4,Participant
955,44,Male,45-54,4,Participant
956,44,Male,25-34,3,Organizer
957,44,Male,18-24,4,Participant
958,44,Female,25-34,3,Volunteer
959,44,Male,25-34,5,Organizer
960,44,Female,18-24,3,Volunteer
961,44,Female,18-24,3,Participant
962,44,Male,25-34,3,Participant
963,44,Male,18-24,4,Participant
964,44,Male,18-24,4,Volunteer
965,44,Male,25-34,4,Participant
966,44,Female,18-24,3,Participant
967,44,Female,25-34,3,Volunteer
968,44,Male,25-34,3,Participant
969,44,Male,25-34,3,Volunteer
970,45,Male,25-34,1,Participant
971,45,Female,25-34,2,Volunteer
972,45,Male,18-24,3,Participant
973,45,Female,35-44,6,Participant
974,45,Female,18-24,3,Speaker
975,45,Male,45-54,4,Participant
976,45,Female,18-24,5,Organizer
977,45,Male,18-24,4,Participant
978,45,Female,25-34,5,Participant
979,45,Female,35-44,4,Participant
980,45,Male,18-24,3,Volunteer
981,45,Female,25-34,4,Participant
982,45,Male,25-34,3,Participant
983,45,Male,25-34,4,Volunteer
984,45,Female,18-24,4,Volunteer
985,45,Female,45-54,5,Participant
986,45,Female,25-34,4,Volunteer
987,45,Female,18-24,4,Volunteer
988,45,Female,45-54,4,Participant
989,45,Female,55+,3,Participant
990,45,Female,35-44,6,Participant
991,45,Female,25-34,3,Volunteer
992,45,Male,45-54,3,Participant
993,45,Male,55+,4,Participant
994,45,Male,35-44,3,Participant
995,45,Female,25-34,3,Participant
996,45,Male,35-44,3,Participant
997,45,Female,35-44,3,Participant
998,45,Male,25-34,3,Participant
999,45,Male,25-34,5,Participant
1000,45,Female,45-54,3,Organizer
1001,45,Male,35-44,3,Participant
1002,45,Male,25-34,3,Participant
1003,45,Male,35-44,3,Volunteer
1004,45,Male,18-24,3,Participant
1005,46,Male,25-34,1,Organizer
1006,46,Female,35-44,2,Participant
1007,46,Female,45-54,3,Organizer
1008,46,Male,25-34,3,Organizer
1009,46,Male,45-54,3,Participant
1010,46,Male,25-34,4,Volunteer
1011,46,Female,25-34,3,Speaker
1012,46,Female,25-34,3,Participant
1013,46,Female,25-34,4,Participant
1014,46,Female,35-44,3,Participant
1015,46,Male,35-44,3,Organizer
1016,46,Male,45-54,3,Participant
1017,46,Female,55+,3,Participant
1018,46,Male,35-44,4,Volunteer
1019,46,Female,35-44,5,Participant
1020,46,Male,25-34,4,Volunteer
1021,46,Female,25-34,3,Participant
1022,46,Female,18-24,5,Participant
1023,46,Female,35-44,3,Participant
1024,46,Male,25-34,3,Volunteer
1025,46,Male,18-24,4,Participant
1026,46,Female,18-24,3,Participant
1027,46,Female,25-34,3,Participant
1028,46,Female,35-44,5,Organizer
1029,46,Female,25-34,3,Participant
1030,46,Male,35-44,3,Volunteer
1031,46,Female,25-34,4,Volunteer
1032,46,Female,35-44,3,Participant
1033,46,Male,25-34,3,Participant
1034,47,Male,45-54,1,Participant
1035,47,Male,18-24,2,Participant
1036,47,Male,35-44,4,Participant
1037,47,Male,45-54,3,Participant
1038,47,Male,25-34,3,Participant
1039,47,Female,18-24,3,Participant
1040,47,Female,18-24,3,Participant
1041,47,Male,35-44,4,Participant
1042,47,Female,35-44,4,Participant
1043,47,Female,45-54,3,Volunteer
1044,47,Female,35-44,4,Volunteer
1045,48,Female,35-44,1,Organizer
1046,48,Female,45-54,2,Organizer
1047,48,Male,45-54,4,Organizer
1048,48,Female,25-34,3,Participant
1049,48,Female,45-54,3,Participant
1050,49,Female,25-34,1,Participant
1051,49,Female,25-34,2,Organizer
1052,49,Female,55+,3,Volunteer
1053,49,Male,45-54,3,Organizer
1054,49,Male,35-44,4,Volunteer
1055,49,Female,25-34,3,Participant
1056,49,Male,25-34,3,Participant
1057,49,Female,25-34,3,Participant
1058,49,Female,45-54,5,Participant
1059,49,Male,35-44,4,Participant
1060,49,Female,25-34,3,Participant
1061,49,Male,25-34,3,Participant
1062,49,Female,25-34,3,Participant
1063,49,Male,18-24,6,Speaker
1064,49,Female,18-24,3,Participant
1065,49,Female,25-34,3,Volunteer
1066,49,Female,18-24,3,Speaker
1067,49,Male,18-24,3,Speaker
1068,49,Female,25-34,5,Volunteer
1069,49,Male,18-24,3,Organizer
1070,49,Female,18-24,3,Participant
1071,49,Female,25-34,3,Participant
1072,49,Female,25-34,3,Participant
1073,49,Male,25-34,4,Participant
1074,49,Male,18-24,6,Participant
1075,49,Female,35-44,3,Participant
1076,49,Male,45-54,4,Organizer
1077,49,Female,35-44,3,Participant
1078,49,Male,25-34,3,Participant
1079,49,Male,45-54,5,Speaker
1080,50,Female,25-34,1,Volunteer
1081,50,Female,35-44,2,Participant
1082,50,Female,18-24,3,Volunteer
1083,50,Female,55+,4,Volunteer
1084,50,Female,45-54,6,Participant
1085,50,Female,35-44,3,Organizer
1086,50,Male,35-44,4,Volunteer
1087,50,Male,18-24,3,Participant
1088,50,Female,25-34,3,Volunteer
1089,50,Female,35-44,3,Participant
1090,50,Female,18-24,3,Volunteer
1091,50,Female,25-34,4,Participant
1092,50,Male,35-44,3,Participant
1093,50,Male,25-34,4,Speaker
1094,50,Male,45-54,3,Organizer
1095,50,Male,18-24,3,Participant
1096,50,Female,35-44,5,Organizer
1097,50,Male,25-34,3,Participant
1098,50,Female,35-44,3,Participant
1099,50,Male,25-34,3,Participant
1100,50,Female,25-34,4,Participant
1101,50,Female,45-54,3,Speaker
1102,50,Female,25-34,4,Volunteer
1103,50,Female,25-34,3,Organizer
1104,50,Male,25-34,3,Participant
1105,50,Female,35-44,3,Volunteer
1106,50,Female,25-34,3,Participant
1107,51,Male,45-54,1,Volunteer
1108,51,Female,35-44,2,Participant
1109,51,Male,25-34,3,Participant
1110,51,Male,55+,6,Volunteer
1111,51,Male,18-24,4,Participant
1112,51,Male,45-54,5,Participant
1113,51,Female,18-24,3,Participant
1114,51,Female,25-34,3,Organizer
1115,52,Female,18-24,1,Participant
1116,52,Female,25-34,2,Participant
1117,52,Male,18-24,3,Participant
1118,52,Female,35-44,3,Participant
1119,52,Male,18-24,3,Participant
1120,52,Female,45-54,3,Participant
1121,52,Female,45-54,4,Volunteer
1122,52,Female,18-24,3,Volunteer
1123,52,Male,45-54,3,Participant
1124,52,Male,18-24,3,Organizer
1125,52,Male,25-34,3,Organizer
1126,52,Male,18-24,5,Participant
1127,52,Male,25-34,4,Organizer
1128,52,Male,25-34,6,Participant
1129,52,Male,35-44,3,Volunteer
1130,52,Male,25-34,3,Volunteer
1131,52,Female,35-44,3,Participant
1132,52,Female,25-34,4,Participant
1133,52,Male,35-44,3,Volunteer
1134,52,Male,25-34,3,Participant
1135,52,Female,18-24,3,Participant
1136,52,Male,25-34,6,Participant
1137,52,Male,25-34,3,Participant
1138,52,Female,25-34,4,Participant
1139,52,Male,45-54,3,Volunteer
1140,52,Female,18-24,4,Organizer
1141,52,Female,35-44,3,Participant
1142,52,Female,35-44,3,Participant
1143,52,Female,45-54,5,Organizer
1144,52,Male,25-34,4,Participant
1145,52,Female,25-34,4,Participant
1146,52,Female,45-54,3,Participant
1147,53,Female,45-54,1,Participant
1148,53,Male,45-54,2,Participant
1149,53,Male,18-24,3,Participant
1150,53,Female,18-24,4,Participant
1151,53,Female,35-44,5,Participant
1152,53,Female,25-34,3,Organizer
1153,53,Male,25-34,3,Volunteer
1154,53,Female,25-34,3,Volunteer
1155,53,Female,25-34,3,Volunteer
1156,53,Female,35-44,3,Volunteer
1157,53,Female,18-24,3,Participant
1158,53,Male,25-34,3,Participant
1159,53,Female,25-34,6,Participant
1160,53,Male,35-44,3,Participant
1161,53,Female,18-24,3,Participant
1162,53,Female,25-34,4,Participant
1163,53,Male,35-44,5,Participant
1164,53,Male,25-34,3,Volunteer
1165,53,Male,18-24,4,Participant
1166,53,Female,25-34,4,Participant
1167,53,Female,25-34,3,Volunteer
1168,53,Male,45-54,3,Participant
1169,53,Female,18-24,5,Speaker
1170,53,Female,35-44,3,Participant
1171,53,Male,18-24,3,Volunteer
1172,53,Male,25-34,5,Participant
1173,53,Male,25-34,3,Participant
1174,54,Male,25-34,1,Speaker
1175,54,Male,25-34,2,Participant
1176,54,Male,35-44,3,Volunteer
1177,54,Male,35-44,3,Volunteer
1178,54,Female,35-44,6,Participant
1179,54,Female,25-34,4,Volunteer
1180,54,Female,18-24,4,Participant
1181,54,Female,18-24,3,Participant
1182,54,Female,35-44,4,Organizer
1183,54,Female,45-54,3,Participant
1184,54,Male,45-54,4,Speaker
1185,54,Male,25-34,6,Participant
1186,54,Female,35-44,5,Participant
1187,55,Female,35-44,1,Participant
1188,55,Male,35-44,2,Participant
1189,55,Female,35-44,5,Participant
1190,55,Male,45-54,4,Volunteer
1191,55,Female,25-34,4,Participant
1192,55,Female,25-34,4,Participant
1193,55,Male,55+,4,Participant
1194,55,Female,25-34,3,Participant
1195,55,Female,18-24,3,Participant
1196,55,Male,25-34,4,Participant
1197,55,Female,18-24,4,Organizer
1198,55,Male,25-34,4,Volunteer
1199,55,Female,55+,4,Participant
1200,55,Male,25-34,6,Participant
1201,55,Male,25-34,3,Participant
1202,55,Female,55+,3,Speaker
1203,55,Male,55+,3,Volunteer
1204,56,Male,35-44,1,Participant
1205,56,Female,25-34,2,Participant
1206,56,Male,25-34,3,Participant
1207,56,Female,35-44,3,Organizer
1208,56,Female,25-34,3,Participant
1209,56,Female,25-34,3,Participant
1210,56,Male,25-34,5,Participant
1211,56,Male,18-24,3,Volunteer
1212,56,Female,45-54,4,Participant
1213,56,Female,25-34,3,Participant
1214,56,Male,35-44,3,Participant
1215,56,Female,25-34,3,Participant
1216,56,Male,25-34,6,Speaker
1217,56,Male,18-24,3,Participant
1218,56,Female,25-34,3,Volunteer
1219,56,Male,25-34,3,Organizer
1220,56,Female,35-44,3,Participant
1221,56,Male,45-54,3,Volunteer
1222,56,Male,25-34,4,Participant
1223,56,Female,18-24,3,Organizer
1224,56,Female,25-34,5,Volunteer
1225,56,Male,18-24,6,Volunteer
1226,56,Male,18-24,3,Organizer
1227,56,Female,25-34,3,Volunteer
1228,56,Male,25-34,3,Organizer
1229,56,Female,25-34,4,Organizer
1230,56,Female,18-24,3,Participant
1231,56,Male,18-24,3,Organizer
1232,56,Female,18-24,4,Participant
1233,56,Male,18-24,6,Participant
1234,56,Female,25-34,3,Participant
1235,57,Female,18-24,1,Participant
1236,57,Female,18-24,2,Speaker
1237,57,Male,18-24,3,Volunteer
1238,57,Female,18-24,3,Participant
1239,57,Female,35-44,3,Participant
1240,57,Female,35-44,3,Participant
1241,57,Female,35-44,5,Participant
1242,57,Female,25-34,3,Volunteer
1243,57,Female,25-34,4,Participant
1244,57,Male,25-34,3,Volunteer
1245,57,Male,18-24,3,Participant
1246,58,Female,35-44,1,Participant
1247,58,Male,25-34,2,Volunteer
1248,58,Female,18-24,3,Speaker
1249,58,Female,35-44,3,Participant
1250,58,Female,55+,3,Participant
1251,58,Female,35-44,3,Participant
1252,58,Male,25-34,3,Participant
1253,58,Male,25-34,3,Participant
1254,58,Male,25-34,3,Participant
1255,58,Female,35-44,3,Volunteer
1256,58,Male,35-44,4,Participant
1257,59,Female,45-54,1,Participant
1258,59,Female,45-54,2,Organizer
1259,59,Female,18-24,3,Volunteer
1260,59,Male,25-34,3,Organizer
1261,59,Male,18-24,4,Participant
1262,59,Female,45-54,3,Speaker
1263,59,Male,25-34,5,Participant
1264,59,Male,35-44,6,Participant
1265,59,Male,35-44,4,Organizer
1266,59,Female,25-34,3,Participant
1267,59,Female,25-34,5,Participant
1268,59,Female,55+,3,Organizer
1269,59,Male,55+,5,Participant
1270,59,Female,25-34,3,Organizer
1271,59,Female,25-34,3,Participant
1272,59,Male,55+,4,Participant
1273,59,Male,18-24,3,Volunteer
1274,59,Male,25-34,3,Participant
1275,59,Female,18-24,6,Participant
1276,59,Female,25-34,6,Participant
1277,59,Male,18-24,3,Participant
1278,59,Female,25-34,6,Participant
1279,59,Female,25-34,3,Speaker
1280,59,Female,25-34,3,Participant
1281,59,Female,55+,3,Participant
1282,59,Female,45-54,3,Organizer
1283,59,Male,45-54,3,Participant
1284,60,Male,45-54,1,Participant
1285,60,Male,25-34,2,Organizer
1286,60,Male,25-34,3,Participant
1287,60,Male,18-24,3,Participant
1288,60,Male,55+,3,Participant
1289,60,Female,45-54,4,Participant
1290,60,Male,35-44,4,Participant
1291,60,Female,18-24,3,Participant
1292,60,Female,25-34,3,Volunteer
1293,60,Male,18-24,4,Volunteer
1294,60,Female,18-24,5,Participant
1295,60,Male,35-44,3,Participant
1296,60,Female,55+,6,Volunteer
1297,60,Male,45-54,3,Volunteer
1298,60,Female,35-44,3,Participant
1299,60,Male,18-24,3,Participant
1300,60,Male,25-34,5,Participant
1301,60,Male,25-34,3,Participant
1302,60,Female,35-44,4,Participant
1303,60,Female,45-54,3,Participant
1304,60,Female,25-34,3,Participant
1305,60,Male,25-34,4,Organizer
1306,60,Male,18-24,4,Participant
1307,60,Female,25-34,3,Participant
1308,60,Male,25-34,4,Speaker
1309,60,Male,18-24,5,Participant
1310,60,Female,25-34,3,Volunteer
1311,60,Male,45-54,4,Participant
1312,61,Male,25-34,1,Volunteer
1313,61,Female,25-34,2,Participant
1314,61,Female,18-24,3,Speaker
1315,61,Female,25-34,4,Organizer
1316,61,Female,45-54,4,Organizer
1317,61,Female,45-54,3,Participant
1318,61,Female,35-44,6,Participant
1319,61,Female,35-44,4,Participant
1320,61,Female,18-24,4,Participant
1321,61,Male,35-44,4,Participant
1322,61,Male,35-44,4,Speaker
1323,61,Female,25-34,4,Participant
1324,61,Female,45-54,5,Organizer
1325,61,Female,25-34,4,Volunteer
1326,61,Male,25-34,3,Participant
1327,61,Female,35-44,3,Participant
1328,61,Female,35-44,4,Participant
1329,61,Female,35-44,3,Participant
1330,61,Male,18-24,3,Participant
1331,62,Male,18-24,1,Participant
1332,62,Female,55+,2,Participant
1333,62,Male,35-44,4,Participant
1334,62,Male,18-24,3,Participant
1335,62,Female,45-54,6,Organizer
1336,62,Male,25-34,3,Participant
1337,62,Female,25-34,3,Organizer
1338,62,Female,35-44,3,Participant
1339,62,Female,45-54,6,Participant
1340,62,Female,25-34,3,Participant
1341,62,Female,25-34,3,Participant
1342,62,Female,35-44,3,Participant
1343,62,Female,35-44,4,Participant
1344,62,Female,45-54,3,Participant
1345,62,Female,35-44,3,Organizer
1346,62,Female,25-34,3,Participant
1347,62,Female,45-54,5,Participant
1348,62,Female,18-24,3,Organizer
1349,62,Male,25-34,3,Organizer
1350,62,Female,25-34,5,Participant
1351,62,Male,35-44,6,Volunteer
1352,62,Female,18-24,3,Participant
1353,62,Male,35-44,3,Participant
1354,63,Male,35-44,1,Volunteer
1355,63,Female,25-34,2,Participant
1356,63,Male,45-54,4,Participant
1357,63,Female,55+,3,Participant
1358,63,Male,35-44,3,Participant
1359,63,Male,35-44,3,Participant
1360,63,Male,35-44,3,Participant
1361,64,Male,25-34,1,Participant
1362,64,Male,25-34,2,Volunteer
1363,64,Male,25-34,5,Participant
1364,64,Male,35-44,3,Participant
1365,64,Male,25-34,4,Volunteer
1366,64,Female,18-24,5,Volunteer
1367,64,Male,35-44,3,Participant
1368,64,Male,35-44,3,Speaker
1369,64,Female,25-34,3,Organizer
1370,64,Female,18-24,3,Volunteer
1371,64,Male,25-34,3,Participant
1372,64,Female,25-34,6,Volunteer
1373,64,Male,35-44,3,Participant
1374,64,Female,25-34,5,Volunteer
1375,64,Male,35-44,3,Participant
1376,64,Female,45-54,3,Volunteer
1377,64,Female,25-34,4,Participant
1378,64,Female,55+,3,Volunteer
1379,64,Male,25-34,4,Participant
1380,64,Male,25-34,4,Participant
1381,64,Male,25-34,3,Participant
1382,64,Female,18-24,3,Speaker
1383,64,Male,18-24,3,Organizer
1384,65,Female,35-44,1,Participant
1385,65,Male,45-54,2,Participant
1386,65,Male,25-34,3,Participant
1387,65,Male,45-54,3,Volunteer
1388,65,Male,25-34,4,Participant
1389,65,Female,25-34,4,Participant
1390,65,Male,35-44,5,Participant
1391,65,Female,35-44,3,Participant
1392,65,Male,55+,3,Participant
1393,65,Female,35-44,3,Volunteer
1394,65,Male,25-34,3,Participant
1395,65,Male,18-24,4,Participant
1396,65,Male,25-34,3,Organizer
1397,65,Female,25-34,4,Participant
1398,65,Female,35-44,3,Speaker
1399,66,Male,35-44,1,Participant
1400,66,Male,25-34,2,Volunteer
1401,66,Male,35-44,4,Participant
1402,66,Female,55+,4,Participant
1403,66,Male,35-44,4,Participant
1404,66,Female,45-54,3,Speaker
1405,66,Female,55+,3,Participant
1406,66,Male,25-34,3,Volunteer
1407,66,Male,35-44,3,Participant
1408,66,Female,45-54,3,Participant
1409,66,Female,25-34,3,Participant
1410,66,Male,25-34,3,Volunteer
1411,66,Female,55+,3,Participant
1412,66,Female,35-44,3,Speaker
1413,66,Female,25-34,4,Speaker
1414,66,Female,25-34,5,Organizer
1415,66,Male,35-44,4,Participant
1416,66,Female,25-34,3,Participant
1417,67,Female,25-34,1,Participant
1418,67,Male,18-24,2,Participant
1419,67,Female,25-34,3,Participant
1420,67,Male,25-34,3,Organizer
1421,67,Female,45-54,3,Volunteer
1422,67,Female,45-54,3,Participant
1423,67,Male,25-34,3,Participant
1424,67,Male,18-24,3,Volunteer
1425,67,Male,35-44,3,Participant
1426,67,Female,35-44,3,Volunteer
1427,67,Female,55+,3,Participant
1428,67,Male,25-34,3,Participant
1429,67,Male,25-34,6,Volunteer
1430,67,Female,25-34,3,Participant
1431,67,Male,55+,5,Participant
1432,67,Male,35-44,4,Volunteer
1433,67,Male,35-44,5,Participant
1434,67,Male,25-34,3,Participant
1435,67,Male,35-44,4,Participant
1436,67,Female,35-44,3,Participant
1437,67,Female,25-34,3,Participant
1438,67,Male,25-34,4,Participant
1439,68,Female,35-44,1,Volunteer
1440,68,Male,25-34,2,Volunteer
1441,68,Female,18-24,6,Participant
1442,68,Male,35-44,3,Participant
1443,68,Male,18-24,4,Participant
1444,68,Female,35-44,4,Participant
1445,68,Female,25-34,5,Speaker
1446,68,Male,35-44,3,Participant
1447,68,Female,35-44,4,Participant
1448,68,Female,25-34,3,Participant
1449,68,Female,25-34,3,Participant
1450,68,Female,25-34,4,Organizer
1451,68,Male,25-34,3,Participant
1452,68,Male,35-44,4,Participant
1453,69,Male,18-24,1,Participant
1454,69,Female,25-34,2,Participant
1455,69,Female,25-34,3,Participant
1456,69,Female,25-34,5,Volunteer
1457,69,Female,25-34,4,Organizer
1458,69,Female,35-44,3,Volunteer
1459,69,Male,25-34,3,Participant
1460,69,Female,35-44,5,Participant
1461,69,Female,45-54,3,Organizer
1462,69,Female,25-34,3,Participant
1463,69,Male,25-34,4,Participant
1464,69,Female,25-34,3,Volunteer
1465,69,Female,25-34,3,Participant
1466,69,Male,35-44,4,Volunteer
1467,69,Female,25-34,4,Volunteer
1468,69,Male,35-44,4,Volunteer
1469,69,Female,25-34,3,Volunteer
1470,69,Female,25-34,6,Participant
1471,69,Male,18-24,3,Participant
1472,69,Female,18-24,3,Participant
1473,69,Male,25-34,6,Participant
1474,69,Female,25-34,3,Volunteer
1475,69,Male,45-54,3,Organizer
1476,69,Male,35-44,3,Participant
1477,69,Female,25-34,3,Speaker
1478,69,Male,25-34,3,Participant
1479,69,Male,25-34,3,Participant
1480,69,Male,25-34,3,Participant
1481,69,Female,25-34,3,Volunteer
1482,69,Male,25-34,3,Participant
1483,69,Female,25-34,4,Participant
1484,69,Female,18-24,3,Participant
1485,69,Male,18-24,3,Participant
1486,69,Male,18-24,3,Participant
1487,70,Male,18-24,1,Participant
1488,70,Female,35-44,2,Participant
1489,70,Female,25-34,4,Volunteer
1490,70,Male,25-34,6,Volunteer
1491,70,Male,55+,3,Participant
1492,70,Male,25-34,3,Organizer
1493,70,Male,18-24,4,Volunteer
1494,70,Female,18-24,3,Organizer
1495,70,Female,35-44,3,Volunteer
1496,70,Female,35-44,3,Volunteer
1497,71,Male,18-24,1,Participant
1498,71,Male,35-44,2,Participant
1499,71,Male,25-34,3,Participant
1500,71,Male,35-44,4,Speaker
1501,71,Female,35-44,4,Participant
1502,71,Female,35-44,3,Volunteer
1503,71,Female,35-44,4,Participant
1504,71,Female,25-34,3,Participant
1505,71,Male,25-34,3,Participant
1506,71,Female,45-54,3,Participant
1507,71,Male,25-34,3,Participant
1508,71,Female,25-34,3,Participant
1509,71,Female,25-34,3,Participant
1510,71,Male,45-54,3,Participant
1511,71,Female,25-34,4,Organizer
1512,71,Female,25-34,3,Organizer
1513,72,Female,25-34,1,Participant
1514,72,Male,35-44,2,Participant
1515,72,Female,45-54,3,Volunteer
1516,72,Male,35-44,5,Participant
1517,72,Female,35-44,5,Volunteer
1518,72,Male,35-44,3,Participant
1519,72,Female,25-34,3,Participant
1520,72,Male,25-34,4,Volunteer
1521,72,Female,45-54,4,Participant
1522,72,Female,25-34,3,Organizer
1523,72,Male,45-54,3,Organizer
1524,72,Male,18-24,3,Participant
1525,72,Female,18-24,4,Participant
1526,72,Female,45-54,3,Participant
1527,72,Female,35-44,3,Organizer
1528,72,Male,25-34,3,Volunteer
1529,72,Female,35-44,3,Participant
1530,73,Male,35-44,1,Volunteer
1531,73,Male,35-44,2,Participant
1532,73,Female,45-54,3,Participant
1533,73,Male,25-34,5,Participant
1534,73,Female,18-24,4,Participant
1535,73,Female,25-34,3,Participant
1536,73,Male,25-34,3,Participant
1537,73,Male,18-24,5,Organizer
1538,73,Female,35-44,4,Participant
1539,73,Female,25-34,3,Participant
1540,73,Female,35-44,4,Participant
1541,73,Female,25-34,3,Organizer
1542,73,Female,25-34,5,Organizer
1543,73,Male,25-34,5,Participant
1544,73,Male,45-54,4,Participant
1545,73,Male,18-24,5,Participant
1546,73,Female,45-54,3,Organizer
1547,73,Male,25-34,4,Participant
1548,73,Male,45-54,3,Organizer
1549,73,Male,45-54,4,Participant
1550,73,Female,25-34,4,Participant
1551,73,Female,35-44,5,Volunteer
1552,73,Female,18-24,6,Participant
1553,74,Male,45-54,1,Participant
1554,74,Female,25-34,2,Speaker
1555,74,Male,18-24,3,Speaker
1556,74,Female,18-24,6,Participant
1557,74,Female,55+,3,Participant
1558,74,Male,25-34,4,Participant
1559,74,Female,45-54,6,Participant
1560,74,Male,18-24,3,Organizer
1561,74,Male,45-54,4,Participant
1562,74,Male,45-54,4,Participant
1563,74,Female,35-44,3,Organizer
1564,74,Female,18-24,4,Organizer
1565,74,Male,25-34,4,Participant
1566,74,Female,25-34,4,Participant
1567,74,Female,25-34,3,Volunteer
1568,74,Female,25-34,3,Participant
1569,74,Female,18-24,3,Volunteer
1570,74,Male,35-44,5,Participant
1571,74,Female,25-34,3,Volunteer
1572,74,Female,25-34,3,Volunteer
1573,74,Female,18-24,3,Speaker
1574,74,Female,55+,4,Volunteer
1575,74,Female,25-34,4,Participant
1576,74,Female,35-44,3,Organizer
1577,74,Female,25-34,4,Participant
1578,74,Male,18-24,5,Participant
1579,74,Female,25-34,3,Participant
1580,74,Female,25-34,4,Participant
1581,74,Female,45-54,3,Volunteer
1582,74,Female,35-44,3,Participant
1583,75,Female,25-34,1,Participant
1584,75,Male,25-34,2,Volunteer
1585,75,Female,55+,3,Volunteer
1586,75,Male,18-24,3,Participant
1587,75,Female,25-34,3,Volunteer
1588,75,Male,25-34,3,Speaker
1589,75,Female,25-34,5,Volunteer
1590,75,Female,25-34,3,Volunteer
1591,75,Male,18-24,4,Organizer
1592,75,Male,18-24,3,Organizer
1593,75,Female,25-34,3,Participant
1594,75,Male,45-54,6,Participant
1595,75,Female,18-24,3,Speaker
1596,75,Male,35-44,3,Volunteer
1597,75,Male,35-44,3,Participant
1598,75,Female,45-54,3,Participant
1599,75,Male,45-54,3,Volunteer
1600,75,Female,25-34,3,Volunteer
1601,75,Female,25-34,3,Participant
1602,75,Male,25-34,4,Participant
1603,75,Male,25-34,4,Speaker
1604,75,Female,35-44,4,Organizer
1605,76,Male,18-24,1,Speaker
1606,76,Male,18-24,2,Volunteer
1607,76,Male,18-24,4,Participant
1608,76,Female,18-24,3,Participant
1609,76,Female,18-24,3,Participant
1610,76,Female,35-44,4,Participant
1611,76,Female,25-34,3,Participant
1612,76,Female,35-44,3,Volunteer
1613,76,Female,55+,3,Organizer
1614,76,Male,35-44,4,Speaker
1615,76,Male,18-24,4,Organizer
1616,76,Male,18-24,3,Volunteer
1617,76,Female,45-54,3,Participant
1618,76,Female,25-34,3,Participant
1619,76,Male,45-54,4,Volunteer
1620,76,Male,45-54,4,Participant
1621,76,Male,45-54,3,Participant
1622,76,Male,55+,3,Participant
1623,76,Female,25-34,3,Organizer
1624,76,Male,25-34,6,Volunteer
1625,76,Female,55+,5,Participant
1626,76,Female,25-34,6,Participant
1627,76,Male,18-24,3,Volunteer
1628,76,Female,35-44,3,Participant
1629,76,Female,35-44,3,Participant
1630,76,Female,45-54,4,Participant
1631,76,Female,35-44,4,Participant
1632,76,Male,25-34,4,Organizer
1633,77,Female,25-34,1,Participant
1634,77,Male,25-34,2,Participant
1635,77,Female,35-44,3,Participant
1636,77,Male,35-44,3,Participant
1637,77,Female,25-34,3,Participant
1638,77,Male,35-44,3,Organizer
1639,77,Male,45-54,3,Participant
1640,77,Female,35-44,3,Participant
1641,77,Female,35-44,4,Volunteer
1642,77,Male,25-34,3,Participant
1643,77,Female,45-54,3,Participant
1644,77,Female,18-24,3,Participant
1645,77,Male,25-34,4,Participant
1646,77,Female,35-44,3,Participant
1647,77,Male,18-24,4,Organizer
1648,77,Female,25-34,5,Participant
1649,77,Female,35-44,3,Participant
1650,77,Male,25-34,3,Volunteer
1651,77,Female,35-44,5,Participant
1652,77,Female,45-54,5,Organizer
1653,77,Female,18-24,3,Volunteer
1654,77,Female,18-24,4,Participant
1655,77,Female,35-44,4,Speaker
1656,77,Female,25-34,4,Volunteer
1657,78,Male,25-34,1,Speaker
1658,78,Female,35-44,2,Speaker
1659,78,Male,25-34,3,Speaker
1660,78,Female,18-24,5,Participant
1661,78,Male,25-34,3,Volunteer
1662,79,Female,25-34,1,Participant
1663,79,Male,45-54,2,Participant
1664,79,Male,45-54,3,Volunteer
1665,79,Male,55+,3,Participant
1666,79,Male,45-54,3,Participant
1667,79,Female,45-54,6,Volunteer
1668,79,Female,45-54,3,Participant
1669,79,Female,35-44,3,Volunteer
1670,79,Female,18-24,4,Participant
1671,79,Male,25-34,4,Participant
1672,79,Male,25-34,6,Volunteer
1673,79,Male,35-44,4,Participant
1674,79,Female,25-34,3,Volunteer
1675,79,Female,45-54,3,Participant
1676,79,Female,55+,3,Volunteer
1677,79,Female,25-34,3,Participant
1678,79,Female,25-34,3,Organizer
1679,79,Male,55+,3,Volunteer
1680,79,Female,25-34,5,Participant
1681,79,Male,35-44,5,Volunteer
1682,80,Female,35-44,1,Volunteer
1683,80,Male,18-24,2,Volunteer
1684,80,Male,55+,3,Participant
1685,80,Female,35-44,4,Participant
1686,80,Female,35-44,3,Volunteer
1687,80,Male,25-34,3,Volunteer
1688,80,Male,25-34,5,Volunteer
1689,80,Female,25-34,4,Volunteer
1690,80,Male,45-54,4,Participant
1691,80,Female,25-34,3,Volunteer
1692,80,Male,35-44,5,Participant
1693,80,Female,35-44,3,Participant
1694,80,Female,25-34,3,Volunteer
1695,80,Male,35-44,6,Participant
1696,80,Female,35-44,4,Organizer
1697,80,Female,35-44,4,Participant
1698,80,Male,25-34,4,Participant
1699,80,Male,25-34,3,Participant
1700,80,Female,25-34,3,Participant
1701,80,Male,45-54,3,Participant
1702,80,Female,35-44,5,Volunteer
1703,80,Female,25-34,5,Volunteer
1704,80,Female,55+,3,Participant
1705,80,Female,18-24,3,Volunteer
1706,80,Male,45-54,6,Organizer
1707,80,Female,55+,3,Participant
1708,81,Male,25-34,1,Participant
1709,81,Male,55+,2,Participant
1710,81,Female,55+,3,Organizer
1711,81,Female,25-34,3,Participant
1712,81,Male,45-54,4,Participant
1713,81,Male,25-34,3,Participant
1714,81,Female,25-34,3,Organizer
1715,81,Male,25-34,3,Participant
1716,81,Male,45-54,3,Participant
1717,81,Male,18-24,3,Participant
1718,81,Male,35-44,4,Participant
1719,81,Female,25-34,4,Organizer
1720,81,Female,35-44,3,Participant
1721,81,Male,25-34,3,Participant
1722,81,Female,25-34,5,Organizer
1723,81,Male,18-24,3,Participant
1724,81,Male,35-44,3,Volunteer
1725,81,Male,35-44,3,Speaker
1726,81,Female,35-44,3,Participant
1727,81,Female,35-44,5,Participant
1728,81,Male,18-24,3,Participant
1729,81,Female,45-54,3,Participant
1730,81,Male,35-44,4,Participant
1731,81,Male,18-24,4,Speaker
1732,81,Female,25-34,3,Participant
1733,81,Male,45-54,3,Organizer
1734,81,Female,45-54,5,Participant
1735,82,Female,45-54,1,Participant
1736,82,Male,45-54,2,Volunteer
1737,82,Male,55+,4,Volunteer
1738,82,Female,25-34,3,Volunteer
1739,82,Male,35-44,4,Participant
1740,82,Male,45-54,4,Participant
1741,82,Male,35-44,3,Participant
1742,82,Male,25-34,5,Participant
1743,82,Female,25-34,4,Participant
1744,82,Female,45-54,3,Speaker
1745,82,Female,25-34,4,Volunteer
1746,82,Male,45-54,3,Participant
1747,83,Male,35-44,1,Volunteer
1748,83,Male,35-44,2,Volunteer
1749,83,Female,18-24,3,Participant
1750,83,Female,35-44,3,Participant
1751,83,Male,55+,3,Participant
1752,83,Female,25-34,5,Participant
1753,83,Male,35-44,5,Organizer
1754,83,Female,25-34,5,Organizer
1755,83,Female,45-54,4,Participant
1756,83,Male,45-54,5,Participant
1757,83,Female,25-34,3,Participant
1758,83,Female,25-34,3,Participant
1759,83,Male,25-34,5,Participant
1760,83,Female,25-34,3,Organizer
1761,83,Female,18-24,3,Participant
1762,83,Male,45-54,3,Participant
1763,83,Female,18-24,3,Speaker
1764,83,Female,25-34,3,Participant
1765,83,Female,35-44,4,Volunteer
1766,83,Male,25-34,3,Participant
1767,84,Male,25-34,1,Participant
1768,84,Female,25-34,2,Speaker
1769,84,Female,25-34,3,Participant
1770,84,Female,25-34,3,Participant
1771,84,Female,35-44,3,Participant
1772,84,Female,35-44,3,Organizer
1773,84,Male,25-34,4,Participant
1774,84,Female,18-24,6,Organizer
1775,84,Female,25-34,3,Organizer
1776,84,Male,25-34,3,Speaker
1777,84,Female,45-54,5,Organizer
1778,84,Male,18-24,3,Participant
1779,84,Female,45-54,3,Participant
1780,84,Male,35-44,5,Speaker
1781,84,Female,35-44,6,Volunteer
1782,84,Male,25-34,4,Participant
1783,84,Male,35-44,3,Organizer
1784,84,Female,35-44,4,Volunteer
1785,84,Female,35-44,5,Volunteer
1786,84,Male,25-34,5,Speaker
1787,84,Female,25-34,3,Volunteer
1788,84,Male,35-44,3,Participant
1789,84,Male,18-24,6,Volunteer
1790,85,Female,35-44,1,Participant
1791,85,Female,25-34,2,Participant
1792,85,Male,55+,3,Participant
1793,85,Male,35-44,4,Participant
1794,85,Male,25-34,3,Volunteer
1795,85,Female,25-34,5,Organizer
1796,85,Female,35-44,4,Participant
1797,85,Female,35-44,4,Volunteer
1798,85,Female,25-34,5,Volunteer
1799,85,Female,25-34,3,Volunteer
1800,85,Male,55+,3,Organizer
1801,85,Female,18-24,3,Speaker
1802,85,Female,25-34,5,Organizer
1803,85,Female,18-24,4,Volunteer
1804,85,Female,45-54,3,Participant
1805,85,Male,18-24,4,Participant
1806,85,Male,35-44,3,Participant
1807,85,Male,18-24,5,Participant
1808,85,Female,35-44,4,Participant
1809,85,Female,45-54,3,Participant
1810,85,Female,25-34,3,Volunteer
1811,85,Female,25-34,3,Participant
1812,85,Male,25-34,3,Volunteer
1813,85,Female,25-34,3,Organizer
1814,85,Male,45-54,3,Volunteer
1815,85,Female,25-34,3,Participant
1816,85,Male,35-44,3,Participant
1817,85,Male,25-34,3,Participant
1818,86,Female,25-34,1,Participant
1819,86,Female,45-54,2,Volunteer
1820,86,Male,25-34,3,Volunteer
1821,86,Female,35-44,3,Volunteer
1822,86,Male,18-24,6,Participant
1823,86,Male,25-34,6,Organizer
1824,86,Female,45-54,3,Organizer
1825,86,Male,35-44,3,Volunteer
1826,86,Male,25-34,3,Participant
1827,86,Male,55+,3,Participant
1828,86,Female,45-54,3,Volunteer
1829,86,Female,55+,3,Participant
1830,86,Female,25-34,4,Participant
1831,86,Male,25-34,3,Volunteer
1832,86,Female,35-44,3,Participant
1833,86,Female,35-44,3,Participant
1834,86,Female,18-24,4,Organizer
1835,86,Female,35-44,3,Volunteer
1836,86,Male,18-24,3,Participant
1837,86,Female,25-34,4,Participant
1838,87,Male,18-24,1,Volunteer
1839,87,Female,45-54,2,Participant
1840,87,Male,25-34,6,Participant
1841,87,Female,18-24,5,Volunteer
1842,87,Male,25-34,6,Volunteer
1843,87,Female,25-34,5,Participant
1844,87,Male,55+,3,Organizer
1845,87,Male,25-34,4,Speaker
1846,87,Female,25-34,4,Volunteer
1847,87,Female,25-34,4,Participant
1848,87,Male,25-34,3,Participant
1849,87,Male,18-24,3,Participant
1850,87,Female,18-24,6,Volunteer
1851,87,Female,35-44,3,Organizer
1852,87,Male,18-24,3,Participant
1853,87,Female,25-34,3,Organizer
1854,87,Male,25-34,3,Participant
1855,87,Male,35-44,5,Organizer
1856,87,Male,35-44,3,Organizer
1857,87,Female,35-44,3,Participant
1858,87,Female,35-44,4,Participant
1859,87,Male,35-44,4,Participant
1860,87,Male,18-24,4,Organizer
1861,87,Male,45-54,3,Volunteer
1862,87,Female,18-24,4,Participant
1863,87,Female,25-34,3,Participant
1864,88,Male,18-24,1,Organizer
1865,88,Female,45-54,2,Participant
1866,88,Female,35-44,3,Organizer
1867,88,Female,45-54,3,Participant
1868,88,Female,25-34,3,Participant
1869,88,Female,25-34,3,Participant
1870,88,Female,35-44,4,Participant
1871,88,Female,18-24,5,Organizer
1872,88,Male,25-34,3,Participant
1873,88,Female,45-54,3,Participant
1874,88,Female,45-54,3,Participant
1875,88,Male,55+,3,Participant
1876,88,Male,35-44,4,Participant
1877,88,Female,25-34,3,Participant
1878,88,Male,18-24,3,Organizer
1879,88,Female,25-34,5,Organizer
1880,88,Male,25-34,4,Volunteer
1881,88,Female,25-34,3,Participant
1882,88,Female,18-24,6,Volunteer
1883,88,Male,35-44,3,Volunteer
1884,88,Male,35-44,5,Participant
1885,88,Female,55+,5,Participant
1886,88,Female,35-44,3,Speaker
1887,88,Female,35-44,5,Participant
1888,88,Male,35-44,3,Participant
1889,88,Female,55+,4,Participant
1890,88,Female,35-44,6,Volunteer
1891,88,Female,45-54,3,Organizer
1892,88,Male,55+,3,Participant
1893,88,Male,45-54,4,Participant
1894,88,Male,25-34,3,Participant
1895,89,Female,35-44,1,Participant
1896,89,Female,18-24,2,Participant
1897,89,Female,45-54,3,Speaker
1898,89,Female,35-44,4,Speaker
1899,89,Female,35-44,4,Participant
1900,90,Female,25-34,1,Volunteer
1901,90,Male,18-24,2,Participant
1902,90,Female,18-24,3,Participant
1903,90,Female,25-34,5,Participant
1904,90,Male,25-34,4,Participant
1905,90,Female,55+,4,Organizer
1906,90,Female,35-44,5,Organizer
1907,90,Male,35-44,4,Organizer
1908,90,Male,55+,3,Participant
1909,90,Female,45-54,3,Participant
1910,90,Male,25-34,3,Participant
1911,90,Male,18-24,4,Organizer
1912,91,Male,35-44,1,Participant
1913,91,Female,35-44,2,Participant
1914,91,Female,35-44,3,Organizer
1915,91,Female,25-34,3,Participant
1916,91,Male,35-44,3,Participant
1917,91,Female,55+,4,Organizer
1918,91,Male,18-24,5,Organizer
1919,91,Female,25-34,4,Volunteer
1920,91,Female,35-44,6,Volunteer
1921,91,Female,55+,3,Participant
1922,91,Male,18-24,3,Participant
1923,91,Male,18-24,3,Volunteer
1924,91,Male,18-24,3,Participant
1925,91,Male,18-24,5,Participant
1926,91,Male,45-54,4,Volunteer
1927,91,Male,35-44,3,Participant
1928,91,Female,35-44,6,Volunteer
1929,91,Male,25-34,5,Participant
1930,91,Female,35-44,5,Organizer
1931,92,Female,35-44,1,Participant
1932,92,Female,25-34,2,Participant
1933,92,Female,45-54,6,Participant
1934,92,Female,45-54,3,Participant
1935,92,Female,45-54,3,Participant
1936,92,Female,18-24,3,Participant
1937,92,Female,55+,3,Organizer
1938,92,Male,55+,4,Participant
1939,92,Male,25-34,4,Volunteer
1940,92,Female,18-24,3,Participant
1941,92,Female,18-24,3,Participant
1942,92,Male,55+,4,Participant
1943,92,Female,35-44,3,Volunteer
1944,92,Female,25-34,3,Participant
1945,92,Male,25-34,3,Organizer
1946,92,Male,25-34,3,Volunteer
1947,92,Female,35-44,5,Volunteer
1948,92,Female,25-34,3,Participant
1949,92,Female,55+,3,Participant
1950,92,Male,35-44,3,Participant
1951,92,Female,35-44,3,Participant
1952,92,Female,25-34,3,Volunteer
1953,92,Female,18-24,3,Speaker
1954,92,Male,25-34,4,Participant
1955,92,Male,25-34,4,Organizer
1956,92,Male,25-34,5,Participant
1957,92,Male,55+,6,Participant
1958,92,Female,25-34,5,Volunteer
1959,92,Male,18-24,3,Participant
1960,93,Female,55+,1,Participant
1961,93,Female,25-34,2,Participant
1962,93,Female,45-54,5,Participant
1963,93,Male,25-34,3,Participant
1964,93,Female,25-34,4,Speaker
1965,93,Male,25-34,3,Organizer
1966,93,Male,25-34,3,Participant
1967,93,Female,25-34,5,Participant
1968,94,Male,18-24,1,Participant
1969,94,Female,35-44,2,Speaker
1970,94,Male,18-24,5,Participant
1971,94,Female,25-34,4,Participant
1972,94,Male,18-24,4,Participant
1973,94,Male,25-34,3,Volunteer
1974,94,Male,18-24,3,Speaker
1975,94,Female,45-54,3,Participant
1976,94,Female,25-34,3,Participant
1977,94,Male,25-34,3,Participant
1978,94,Female,25-34,3,Participant
1979,94,Female,35-44,3,Participant
1980,94,Female,35-44,3,Participant
1981,94,Female,35-44,4,Participant
1982,94,Female,35-44,5,Participant
1983,94,Female,45-54,4,Participant
1984,94,Female,45-54,4,Volunteer
1985,94,Female,35-44,3,Participant
1986,94,Male,25-34,3,Participant
1987,94,Female,35-44,3,Participant
1988,94,Female,25-34,3,Volunteer
1989,94,Male,35-44,3,Participant
1990,94,Male,45-54,3,Organizer
1991,94,Male,35-44,3,Participant
1992,94,Male,45-54,3,Volunteer
1993,94,Female,18-24,5,Participant
1994,94,Male,18-24,3,Participant
1995,94,Female,25-34,4,Participant
1996,94,Male,45-54,3,Participant
1997,94,Female,45-54,4,Participant
1998,94,Male,35-44,4,Participant
1999,94,Female,35-44,3,Participant
2000,95,Female,35-44,1,Organizer
2001,95,Female,25-34,2,Organizer
2002,95,Female,18-24,3,Participant
2003,95,Female,35-44,3,Speaker
2004,95,Female,25-34,4,Organizer
2005,95,Female,25-34,3,Participant
2006,95,Male,25-34,3,Volunteer
2007,95,Female,35-44,3,Speaker
2008,95,Male,25-34,3,Participant
2009,95,Female,55+,3,Participant
2010,95,Female,35-44,3,Volunteer
2011,95,Female,18-24,4,Volunteer
2012,95,Female,25-34,4,Volunteer
2013,95,Female,25-34,3,Participant
2014,95,Female,25-34,4,Participant
2015,95,Male,45-54,4,Participant
2016,95,Female,35-44,3,Volunteer
2017,95,Female,18-24,3,Participant
2018,95,Female,35-44,4,Volunteer
2019,95,Female,18-24,3,Volunteer
2020,95,Male,35-44,5,Volunteer
2021,95,Female,35-44,5,Participant
2022,95,Female,25-34,3,Organizer
2023,95,Female,25-34,3,Participant
2024,95,Female,35-44,3,Participant
2025,95,Male,35-44,3,Participant
2026,95,Male,25-34,5,Participant
2027,95,Female,25-34,3,Participant
2028,95,Female,25-34,3,Speaker
2029,96,Female,18-24,1,Participant
2030,96,Female,25-34,2,Participant
2031,96,Female,35-44,4,Speaker
2032,96,Female,18-24,4,Volunteer
2033,96,Female,25-34,3,Participant
2034,96,Female,18-24,3,Participant
2035,96,Female,35-44,4,Participant
2036,96,Male,18-24,3,Participant
2037,96,Male,35-44,3,Participant
2038,96,Female,25-34,4,Participant
2039,96,Female,35-44,3,Participant
2040,96,Female,55+,4,Volunteer
2041,96,Female,18-24,3,Participant
2042,96,Female,25-34,3,Participant
2043,96,Male,45-54,5,Participant
2044,96,Female,25-34,3,Participant
2045,96,Male,25-34,4,Participant
2046,96,Female,45-54,3,Participant
2047,96,Male,55+,3,Speaker
2048,96,Male,25-34,4,Participant
2049,96,Male,25-34,3,Organizer
2050,96,Female,25-34,3,Participant
2051,96,Male,18-24,4,Volunteer
2052,96,Male,35-44,3,Participant
2053,96,Male,35-44,3,Participant
2054,96,Female,45-54,3,Volunteer
2055,96,Male,18-24,5,Participant
2056,96,Female,35-44,4,Volunteer
2057,96,Male,25-34,3,Volunteer
2058,96,Male,25-34,4,Participant
2059,96,Female,35-44,3,Participant
2060,97,Male,35-44,1,Speaker
2061,97,Female,55+,2,Participant
2062,97,Female,18-24,3,Participant
2063,97,Female,25-34,6,Volunteer
2064,97,Male,25-34,4,Participant
2065,97,Female,25-34,3,Volunteer
2066,97,Male,35-44,3,Volunteer
2067,97,Female,25-34,3,Volunteer
2068,97,Female,25-34,3,Participant
2069,97,Female,25-34,3,Participant
2070,97,Female,55+,5,Participant
2071,97,Female,45-54,3,Organizer
2072,97,Male,25-34,5,Participant
2073,97,Female,18-24,4,Volunteer
2074,97,Female,45-54,4,Participant
2075,97,Female,55+,4,Participant
2076,97,Male,25-34,5,Volunteer
2077,97,Male,25-34,3,Participant
2078,98,Female,35-44,1,Participant
2079,98,Female,35-44,2,Volunteer
2080,98,Male,25-34,3,Participant
2081,98,Male,35-44,3,Participant
2082,98,Female,25-34,4,Participant
2083,98,Female,25-34,3,Organizer
2084,98,Male,25-34,5,Volunteer
2085,98,Male,25-34,3,Participant
2086,98,Female,45-54,4,Participant
2087,98,Male,55+,3,Participant
2088,98,Female,45-54,3,Participant
2089,98,Female,35-44,3,Participant
2090,98,Female,35-44,3,Volunteer
2091,98,Female,35-44,3,Participant
2092,98,Female,45-54,3,Participant
2093,98,Male,25-34,3,Participant
2094,98,Male,25-34,3,Participant
2095,98,Female,35-44,3,Organizer
2096,98,Female,35-44,4,Participant
2097,98,Female,25-34,4,Participant
2098,98,Male,35-44,3,Volunteer
2099,98,Male,35-44,3,Organizer
2100,98,Female,25-34,3,Participant
2101,98,Female,35-44,3,Participant
2102,99,Female,18-24,1,Organizer
2103,99,Male,35-44,2,Volunteer
2104,99,Female,35-44,3,Participant
2105,99,Female,25-34,3,Participant
2106,99,Male,25-34,3,Participant
2107,99,Male,25-34,3,Volunteer
2108,99,Female,35-44,3,Participant
2109,99,Female,35-44,5,Participant
2110,99,Male,25-34,4,Volunteer
2111,99,Female,25-34,3,Speaker
2112,99,Female,25-34,3,Participant
2113,99,Male,45-54,4,Participant
2114,99,Female,25-34,3,Participant
2115,99,Female,25-34,4,Volunteer
2116,99,Female,25-34,3,Speaker
2117,99,Female,25-34,3,Participant
2118,99,Male,25-34,4,Volunteer
2119,99,Female,18-24,3,Organizer
2120,99,Male,18-24,4,Speaker
2121,99,Female,35-44,4,Participant
2122,99,Female,25-34,6,Volunteer
2123,99,Female,18-24,3,Volunteer
2124,99,Male,35-44,4,Volunteer
2125,99,Male,18-24,5,Participant
2126,99,Female,35-44,4,Participant
2127,99,Female,25-34,4,Volunteer
2128,99,Female,18-24,6,Participant
2129,99,Male,25-34,3,Participant
2130,100,Male,45-54,1,Participant
2131,100,Male,25-34,2,Participant
2132,100,Female,25-34,6,Participant
2133,100,Female,25-34,3,Speaker
2134,100,Female,35-44,5,Participant
2135,100,Female,25-34,5,Participant
2136,100,Male,45-54,3,Volunteer
2137,100,Female,35-44,3,Participant
2138,100,Female,25-34,3,Participant
2139,100,Female,35-44,3,Participant
2140,100,Female,55+,4,Participant
2141,100,Male,25-34,4,Volunteer
2142,100,Female,25-34,3,Participant
2143,101,Female,18-24,1,Organizer
2144,101,Male,45-54,2,Volunteer
2145,101,Male,45-54,4,Participant
2146,101,Female,25-34,3,Organizer
2147,101,Female,35-44,3,Participant
2148,101,Female,25-34,3,Participant
2149,101,Male,35-44,3,Volunteer
2150,101,Female,45-54,3,Participant
2151,101,Male,18-24,3,Participant
2152,101,Female,35-44,3,Volunteer
2153,101,Male,25-34,3,Participant
2154,101,Female,35-44,3,Organizer
2155,101,Male,35-44,3,Organizer
2156,101,Female,45-54,3,Organizer
2157,101,Male,18-24,4,Organizer
2158,101,Female,18-24,3,Participant
2159,101,Female,18-24,5,Participant
2160,101,Female,55+,4,Participant
2161,101,Male,35-44,5,Organizer
2162,101,Female,35-44,3,Participant
2163,102,Female,35-44,1,Participant
2164,102,Male,18-24,2,Participant
2165,102,Female,18-24,3,Participant
2166,102,Male,35-44,3,Participant
2167,102,Male,45-54,3,Organizer
2168,102,Female,25-34,3,Participant
2169,102,Female,25-34,4,Participant
2170,102,Female,25-34,3,Volunteer
2171,102,Male,18-24,3,Organizer
2172,102,Female,35-44,3,Participant
2173,102,Male,45-54,3,Participant
2174,102,Male,25-34,3,Participant
2175,102,Female,55+,3,Volunteer
2176,102,Male,18-24,3,Participant
2177,102,Male,35-44,3,Organizer
2178,102,Female,25-34,3,Participant
2179,102,Female,25-34,3,Speaker
2180,102,Female,25-34,6,Participant
2181,102,Female,25-34,6,Participant
2182,102,Male,35-44,3,Organizer
2183,102,Female,35-44,3,Organizer
2184,102,Male,25-34,6,Participant
2185,102,Female,45-54,3,Volunteer
2186,102,Male,25-34,3,Participant
2187,103,Male,45-54,1,Participant
2188,103,Female,35-44,2,Volunteer
2189,103,Female,25-34,3,Participant
2190,103,Female,35-44,3,Volunteer
2191,103,Female,35-44,3,Participant
2192,103,Male,18-24,3,Speaker
2193,103,Male,25-34,5,Participant
2194,103,Female,45-54,3,Participant
2195,103,Female,25-34,5,Participant
2196,103,Female,25-34,3,Participant
2197,103,Male,45-54,5,Participant
2198,103,Female,18-24,3,Volunteer
2199,103,Female,25-34,3,Participant
2200,103,Male,35-44,6,Speaker
2201,103,Male,25-34,5,Participant
2202,103,Female,35-44,3,Volunteer
2203,103,Female,18-24,3,Volunteer
2204,103,Female,25-34,5,Participant
2205,103,Female,18-24,4,Volunteer
2206,103,Male,55+,3,Participant
2207,103,Male,25-34,3,Participant
2208,103,Male,25-34,3,Participant
2209,103,Female,18-24,5,Speaker
2210,103,Female,18-24,3,Participant
2211,103,Female,25-34,3,Speaker
2212,103,Female,18-24,3,Participant
2213,103,Male,25-34,5,Participant
2214,103,Female,25-34,5,Volunteer
2215,103,Female,35-44,5,Participant
2216,103,Female,35-44,3,Volunteer
2217,103,Female,25-34,3,Participant
2218,103,Female,25-34,3,Organizer
2219,103,Male,35-44,3,Participant
2220,103,Female,35-44,3,Participant
2221,103,Male,18-24,3,Participant
2222,103,Female,45-54,4,Participant
2223,103,Female,18-24,3,Participant
2224,103,Male,18-24,3,Participant
2225,103,Female,25-34,3,Participant
2226,103,Male,45-54,4,Organizer
2227,103,Female,25-34,5,Organizer
2228,103,Female,35-44,6,Participant
2229,103,Male,25-34,3,Participant
2230,103,Male,25-34,3,Participant
2231,104,Female,18-24,1,Participant
2232,104,Male,25-34,2,Participant
2233,104,Female,18-24,3,Volunteer
2234,104,Male,35-44,3,Participant
2235,104,Female,18-24,3,Volunteer
2236,104,Male,35-44,4,Participant
2237,104,Female,35-44,4,Participant
2238,104,Female,18-24,5,Volunteer
2239,104,Female,25-34,4,Participant
2240,104,Female,35-44,4,Participant
2241,104,Female,25-34,6,Participant
2242,104,Female,18-24,3,Organizer
2243,104,Male,25-34,4,Volunteer
2244,104,Male,25-34,3,Participant
2245,104,Female,35-44,4,Participant
2246,104,Male,18-24,3,Volunteer
2247,104,Male,25-34,3,Volunteer
2248,104,Male,25-34,3,Participant
2249,104,Female,45-54,5,Participant
2250,104,Female,25-34,3,Participant
2251,104,Female,45-54,3,Participant
2252,104,Male,25-34,3,Organizer
2253,104,Female,35-44,3,Organizer
2254,105,Male,25-34,1,Participant
2255,105,Female,25-34,2,Organizer
2256,105,Female,25-34,3,Participant
2257,105,Female,35-44,4,Volunteer
2258,105,Female,18-24,3,Participant
2259,105,Male,25-34,4,Participant
2260,105,Male,35-44,3,Speaker
2261,105,Female,18-24,4,Participant
2262,105,Female,18-24,5,Participant
2263,105,Female,25-34,4,Volunteer
2264,105,Male,45-54,3,Participant
2265,105,Male,35-44,3,Organizer
2266,105,Female,18-24,5,Participant
2267,105,Female,25-34,4,Volunteer
2268,105,Male,25-34,6,Volunteer
2269,105,Male,35-44,3,Participant
2270,105,Male,35-44,3,Participant
2271,105,Female,45-54,3,Participant
2272,105,Female,25-34,4,Speaker
2273,105,Female,55+,4,Participant
2274,105,Male,55+,3,Organizer
2275,105,Male,45-54,3,Volunteer
2276,105,Female,35-44,3,Participant
2277,105,Female,25-34,3,Participant
2278,106,Female,25-34,1,Participant
2279,106,Female,25-34,2,Participant
2280,106,Female,25-34,5,Volunteer
2281,106,Male,25-34,3,Participant
2282,106,Male,25-34,3,Volunteer
2283,106,Male,25-34,3,Speaker
2284,106,Male,55+,5,Participant
2285,106,Male,45-54,3,Participant
2286,106,Male,35-44,3,Participant
2287,106,Female,35-44,4,Participant
2288,106,Male,55+,3,Participant
2289,107,Male,25-34,1,Volunteer
2290,107,Female,35-44,2,Organizer
2291,107,Male,55+,3,Participant
2292,107,Female,45-54,3,Volunteer
2293,107,Female,55+,3,Participant
2294,107,Female,25-34,5,Participant
2295,107,Female,35-44,3,Volunteer
2296,107,Male,35-44,3,Participant
2297,107,Female,18-24,4,Volunteer
2298,107,Male,45-54,4,Speaker
2299,107,Male,35-44,4,Volunteer
2300,107,Male,25-34,5,Organizer
2301,107,Male,18-24,3,Participant
2302,108,Male,25-34,1,Volunteer
2303,108,Female,35-44,2,Participant
2304,108,Female,25-34,3,Volunteer
2305,108,Female,18-24,4,Participant
2306,108,Male,35-44,3,Organizer
2307,108,Male,55+,4,Participant
2308,108,Male,25-34,3,Participant
2309,108,Male,45-54,6,Participant
2310,108,Male,45-54,4,Volunteer
2311,108,Female,18-24,3,Organizer
2312,108,Female,35-44,3,Participant
2313,108,Female,25-34,3,Participant
2314,108,Male,25-34,3,Participant
2315,108,Female,35-44,3,Speaker
2316,108,Male,35-44,4,Volunteer
2317,108,Male,18-24,6,Participant
2318,108,Female,45-54,3,Volunteer
2319,108,Male,35-44,5,Participant
2320,108,Male,45-54,6,Organizer
2321,108,Female,25-34,3,Participant
2322,109,Female,45-54,1,Participant
2323,109,Female,35-44,2,Volunteer
2324,109,Female,25-34,5,Participant
2325,109,Female,25-34,4,Participant
2326,109,Male,18-24,4,Participant
2327,109,Male,25-34,3,Participant
2328,110,Male,25-34,1,Volunteer
2329,110,Male,25-34,2,Participant
2330,110,Male,25-34,3,Participant
2331,110,Male,25-34,3,Volunteer
2332,110,Male,25-34,5,Participant
2333,110,Female,25-34,3,Volunteer
2334,110,Female,35-44,5,Volunteer
2335,110,Female,35-44,5,Participant
2336,110,Female,25-34,3,Participant
2337,110,Female,25-34,3,Participant
2338,110,Male,25-34,3,Participant
2339,110,Male,18-24,3,Participant
2340,110,Female,35-44,3,Participant
2341,110,Male,25-34,4,Volunteer
2342,110,Female,35-44,3,Participant
2343,110,Female,35-44,3,Participant
2344,110,Male,45-54,3,Participant
2345,110,Male,55+,5,Participant
2346,110,Female,18-24,3,Participant
2347,110,Female,55+,3,Participant
2348,110,Male,35-44,5,Participant
2349,110,Female,35-44,4,Participant
2350,110,Female,18-24,3,Participant
2351,110,Male,45-54,3,Participant
2352,110,Female,18-24,3,Volunteer
2353,110,Female,45-54,3,Participant
2354,110,Female,18-24,3,Organizer
2355,110,Male,35-44,3,Participant
2356,110,Male,25-34,3,Participant
2357,110,Female,25-34,4,Organizer
2358,110,Female,18-24,3,Volunteer
2359,110,Female,25-34,6,Participant
2360,110,Female,18-24,3,Participant
2361,110,Female,25-34,3,Participant
2362,110,Male,35-44,5,Participant
2363,111,Male,25-34,1,Participant
2364,111,Male,55+,2,Volunteer
2365,111,Male,18-24,3,Speaker
2366,111,Male,25-34,5,Organizer
2367,111,Female,25-34,3,Volunteer
2368,111,Female,18-24,4,Volunteer
2369,111,Male,25-34,4,Participant
2370,111,Male,25-34,3,Participant
2371,111,Male,25-34,3,Participant
2372,111,Male,25-34,4,Participant
2373,111,Male,35-44,6,Participant
2374,111,Male,25-34,4,Participant
2375,111,Female,18-24,6,Participant
2376,111,Female,35-44,3,Speaker
2377,111,Male,18-24,4,Organizer
2378,111,Female,45-54,4,Volunteer
2379,111,Female,45-54,3,Participant
2380,111,Female,25-34,5,Volunteer
2381,111,Male,45-54,3,Participant
2382,111,Male,35-44,3,Participant
2383,111,Male,45-54,4,Participant
2384,111,Female,35-44,3,Organizer
2385,111,Male,25-34,4,Organizer
2386,111,Male,45-54,3,Organizer
2387,111,Female,25-34,4,Participant
2388,111,Female,25-34,3,Volunteer
2389,111,Female,25-34,3,Participant
2390,111,Male,25-34,6,Participant
2391,111,Male,25-34,3,Organizer
2392,112,Male,35-44,1,Participant
2393,112,Female,55+,2,Participant
2394,112,Male,18-24,4,Participant
2395,112,Female,45-54,3,Organizer
2396,112,Female,25-34,3,Volunteer
2397,113,Male,35-44,1,Participant
2398,113,Male,25-34,2,Participant
2399,113,Female,25-34,3,Volunteer
2400,113,Female,25-34,3,Speaker
2401,113,Male,25-34,5,Participant
2402,113,Male,25-34,3,Participant
2403,113,Female,45-54,4,Participant
2404,113,Male,18-24,6,Participant
2405,113,Male,55+,3,Participant
2406,113,Male,25-34,3,Volunteer
2407,113,Female,25-34,3,Organizer
2408,113,Female,18-24,3,Volunteer
2409,113,Female,35-44,3,Speaker
2410,113,Female,35-44,3,Participant
2411,113,Female,18-24,3,Participant
2412,113,Female,25-34,3,Participant
2413,113,Male,35-44,4,Participant
2414,113,Female,18-24,3,Participant
2415,113,Female,45-54,4,Participant
2416,113,Male,35-44,3,Participant
2417,113,Male,25-34,4,Volunteer
2418,113,Male,25-34,3,Participant
2419,113,Female,18-24,5,Speaker
2420,113,Male,45-54,4,Speaker
2421,113,Male,18-24,4,Participant
2422,113,Female,25-34,3,Participant
2423,114,Female,35-44,1,Participant
2424,114,Male,55+,2,Participant
2425,114,Male,18-24,3,Participant
2426,114,Male,18-24,3,Participant
2427,114,Female,35-44,3,Organizer
2428,114,Female,25-34,3,Participant
2429,114,Female,45-54,4,Speaker
2430,114,Female,25-34,3,Organizer
2431,115,Female,18-24,1,Participant
2432,115,Female,35-44,2,Volunteer
2433,115,Male,35-44,3,Participant
2434,115,Male,35-44,3,Volunteer
2435,115,Male,25-34,3,Speaker
2436,115,Female,25-34,3,Speaker
2437,115,Female,35-44,3,Participant
2438,115,Male,25-34,5,Volunteer
2439,115,Female,35-44,3,Participant
2440,115,Female,35-44,5,Organizer
2441,115,Male,25-34,3,Volunteer
2442,115,Male,18-24,3,Participant
2443,115,Male,25-34,4,Participant
2444,115,Female,18-24,3,Speaker
2445,115,Female,35-44,3,Volunteer
2446,115,Female,35-44,5,Organizer
2447,115,Male,45-54,3,Participant
2448,115,Female,35-44,3,Participant
2449,115,Male,18-24,4,Participant
2450,115,Male,25-34,3,Participant
2451,115,Female,45-54,3,Participant
2452,115,Female,18-24,3,Participant
2453,116,Female,55+,1,Participant
2454,116,Female,25-34,2,Participant
2455,116,Male,55+,3,Participant
2456,116,Female,25-34,3,Participant
2457,116,Male,25-34,4,Volunteer
2458,116,Female,25-34,3,Participant
2459,116,Female,25-34,3,Volunteer
2460,116,Female,25-34,3,Participant
2461,117,Female,35-44,1,Volunteer
2462,117,Female,25-34,2,Participant
2463,117,Female,55+,3,Volunteer
2464,117,Female,25-34,5,Participant
2465,117,Male,25-34,3,Organizer
2466,117,Female,45-54,3,Organizer
2467,117,Male,25-34,3,Participant
2468,117,Male,55+,4,Organizer
2469,117,Male,18-24,3,Participant
2470,117,Female,25-34,4,Participant
2471,117,Female,35-44,3,Participant
2472,117,Female,45-54,5,Participant
2473,117,Female,25-34,5,Participant
2474,117,Male,45-54,4,Participant
2475,117,Female,35-44,3,Participant
2476,118,Female,35-44,1,Participant
2477,118,Female,25-34,2,Speaker
2478,118,Female,18-24,3,Participant
2479,118,Male,25-34,3,Volunteer
2480,118,Female,25-34,5,Organizer
2481,118,Female,25-34,3,Volunteer
2482,118,Male,35-44,3,Participant
2483,118,Female,18-24,3,Organizer
2484,118,Female,25-34,3,Organizer
2485,118,Female,35-44,3,Volunteer
2486,118,Male,25-34,3,Participant
2487,118,Female,35-44,3,Participant
2488,118,Male,35-44,3,Volunteer
2489,118,Female,55+,3,Volunteer
2490,118,Female,35-44,3,Participant
2491,118,Female,18-24,6,Participant
2492,118,Male,25-34,3,Speaker
2493,118,Male,18-24,3,Organizer
2494,118,Male,45-54,6,Participant
2495,118,Male,18-24,5,Participant
2496,118,Female,25-34,4,Participant
2497,118,Male,25-34,6,Participant
2498,118,Female,45-54,3,Participant
2499,119,Female,18-24,1,Organizer
2500,119,Male,25-34,2,Volunteer
2501,119,Male,25-34,4,Participant
2502,119,Female,25-34,3,Participant
2503,119,Male,25-34,3,Speaker
2504,119,Female,25-34,3,Organizer
2505,119,Female,25-34,6,Participant
2506,119,Female,35-44,4,Organizer
2507,119,Male,35-44,3,Participant
2508,119,Female,25-34,4,Organizer
2509,119,Male,45-54,3,Volunteer
2510,119,Female,45-54,3,Participant
2511,119,Male,25-34,3,Participant
2512,119,Female,25-34,4,Participant
2513,119,Male,25-34,6,Participant
2514,119,Female,35-44,3,Volunteer
2515,119,Female,35-44,3,Participant
2516,119,Female,25-34,3,Organizer
2517,119,Male,35-44,4,Participant
2518,119,Female,25-34,3,Participant
2519,119,Male,18-24,3,Organizer
2520,119,Female,35-44,4,Participant
2521,119,Male,35-44,4,Participant
2522,119,Female,25-34,3,Participant
2523,119,Female,25-34,5,Participant
2524,119,Female,55+,4,Speaker
2525,119,Female,35-44,6,Volunteer
2526,119,Female,35-44,4,Participant
2527,119,Male,18-24,5,Participant
2528,119,Male,18-24,6,Organizer
2529,119,Male,25-34,3,Participant
2530,119,Female,25-34,3,Participant
2531,119,Female,35-44,3,Volunteer
2532,119,Male,25-34,4,Participant
2533,119,Female,25-34,4,Participant
2534,119,Male,25-34,3,Participant
2535,119,Female,25-34,5,Participant
2536,119,Male,55+,3,Participant
2537,119,Female,35-44,3,Participant
2538,119,Male,18-24,6,Volunteer
2539,119,Female,35-44,4,Participant
2540,119,Male,35-44,4,Participant
2541,119,Female,35-44,3,Participant
2542,119,Male,18-24,4,Volunteer
2543,119,Male,25-34,3,Participant
2544,120,Female,18-24,1,Speaker
2545,120,Male,25-34,2,Organizer
2546,120,Female,25-34,3,Volunteer
2547,120,Female,18-24,3,Organizer
2548,120,Male,45-54,3,Participant
2549,120,Female,45-54,6,Volunteer
2550,120,Female,25-34,6,Volunteer
2551,120,Female,25-34,3,Volunteer
2552,120,Male,18-24,6,Participant
2553,120,Female,25-34,3,Participant
2554,120,Male,35-44,3,Organizer
2555,120,Male,25-34,6,Volunteer
2556,121,Female,18-24,1,Participant
2557,121,Female,35-44,2,Participant
2558,121,Male,18-24,4,Participant
2559,121,Male,25-34,3,Participant
2560,121,Female,25-34,4,Volunteer
2561,121,Male,18-24,3,Participant
2562,121,Male,45-54,3,Volunteer
2563,121,Male,18-24,3,Participant
2564,121,Female,45-54,3,Participant
2565,121,Female,45-54,5,Volunteer
2566,121,Male,25-34,4,Participant
2567,122,Male,35-44,1,Participant
2568,122,Male,18-24,2,Participant
2569,122,Male,35-44,3,Volunteer
2570,122,Female,18-24,3,Volunteer
2571,122,Female,45-54,4,Participant
2572,122,Female,25-34,5,Participant
2573,122,Female,18-24,3,Participant
2574,122,Female,35-44,3,Participant
2575,122,Male,25-34,3,Organizer
2576,122,Male,25-34,3,Participant
2577,122,Male,18-24,4,Organizer
2578,122,Female,25-34,4,Participant
2579,122,Female,18-24,3,Participant
2580,122,Male,18-24,3,Participant
2581,122,Female,25-34,3,Speaker
2582,122,Female,35-44,6,Participant
2583,122,Male,25-34,4,Organizer
2584,122,Female,18-24,3,Volunteer
2585,122,Female,55+,3,Organizer
2586,122,Male,45-54,3,Participant
2587,122,Female,25-34,3,Participant
2588,122,Male,18-24,3,Participant
2589,122,Female,55+,4,Organizer
2590,123,Male,35-44,1,Volunteer
2591,123,Male,18-24,2,Organizer
2592,123,Male,45-54,6,Organizer
2593,123,Male,35-44,3,Volunteer
2594,123,Female,35-44,3,Participant
2595,123,Female,45-54,3,Participant
2596,123,Female,25-34,3,Organizer
2597,123,Male,25-34,4,Participant
2598,123,Male,45-54,4,Participant
2599,123,Female,35-44,3,Participant
2600,123,Female,55+,3,Participant
2601,123,Male,55+,3,Participant
2602,123,Female,25-34,3,Participant
2603,123,Female,25-34,3,Participant
2604,123,Female,25-34,3,Participant
2605,123,Male,35-44,3,Participant
2606,123,Female,25-34,3,Volunteer
2607,123,Female,35-44,4,Volunteer
2608,123,Male,18-24,5,Participant
2609,123,Female,18-24,3,Participant
2610,123,Male,25-34,3,Participant
2611,123,Female,18-24,4,Volunteer
2612,123,Female,35-44,3,Participant
2613,123,Male,18-24,4,Volunteer
2614,123,Male,18-24,4,Speaker
2615,123,Female,18-24,3,Participant
2616,123,Female,35-44,3,Organizer
2617,123,Male,45-54,5,Speaker
2618,123,Female,18-24,3,Organizer
2619,123,Male,35-44,3,Volunteer
2620,123,Male,25-34,3,Organizer
2621,123,Female,25-34,3,Participant
2622,123,Male,35-44,5,Participant
2623,123,Female,18-24,3,Organizer
2624,124,Female,25-34,1,Volunteer
2625,124,Male,55+,2,Participant
2626,124,Female,25-34,4,Volunteer
2627,124,Female,25-34,4,Participant
2628,124,Male,35-44,5,Participant
2629,124,Female,55+,3,Participant
2630,124,Male,55+,4,Organizer
2631,124,Female,35-44,3,Participant
2632,124,Female,18-24,5,Participant
2633,124,Male,45-54,3,Organizer
2634,124,Male,35-44,4,Organizer
2635,124,Female,25-34,4,Participant
2636,124,Female,45-54,5,Participant
2637,124,Female,25-34,3,Volunteer
2638,124,Female,18-24,3,Participant
2639,124,Female,45-54,5,Participant
2640,124,Male,25-34,3,Participant
2641,124,Female,25-34,3,Organizer
2642,124,Female,25-34,4,Participant
2643,124,Male,35-44,3,Participant
2644,124,Female,25-34,6,Speaker
2645,124,Male,25-34,3,Volunteer
2646,124,Female,35-44,4,Participant
2647,125,Female,45-54,1,Participant
2648,125,Female,25-34,2,Participant
2649,125,Male,35-44,3,Organizer
2650,125,Male,45-54,3,Participant
2651,125,Male,25-34,3,Participant
2652,125,Female,18-24,5,Participant
2653,125,Male,25-34,5,Participant
2654,125,Male,45-54,3,Participant
2655,125,Male,35-44,3,Participant
2656,125,Female,35-44,3,Participant
2657,125,Male,25-34,3,Participant
2658,125,Female,55+,6,Participant
2659,125,Male,25-34,4,Participant
2660,125,Male,35-44,6,Participant
2661,125,Female,18-24,4,Participant
2662,125,Male,18-24,4,Participant
2663,125,Female,35-44,3,Volunteer
2664,125,Male,55+,6,Participant
2665,125,Female,25-34,5,Organizer
2666,125,Male,18-24,5,Participant
2667,125,Male,25-34,3,Volunteer
2668,125,Female,18-24,5,Participant
2669,125,Female,25-34,4,Organizer
2670,125,Female,35-44,5,Participant
2671,125,Female,45-54,3,Participant
2672,125,Male,18-24,3,Participant
2673,125,Male,25-34,3,Participant
2674,125,Male,25-34,4,Participant
2675,126,Female,55+,1,Participant
2676,126,Male,35-44,2,Participant
2677,126,Female,45-54,3,Volunteer
2678,126,Male,25-34,3,Volunteer
2679,126,Male,25-34,3,Participant
2680,126,Male,45-54,3,Participant
2681,126,Female,18-24,4,Participant
2682,126,Female,18-24,3,Participant
2683,126,Female,25-34,3,Participant
2684,126,Male,55+,3,Participant
2685,126,Female,35-44,3,Participant
2686,127,Male,18-24,1,Speaker
2687,127,Male,25-34,2,Participant
2688,127,Female,45-54,3,Volunteer
2689,127,Male,35-44,3,Organizer
2690,127,Male,25-34,6,Participant
2691,127,Female,35-44,3,Participant
2692,127,Male,55+,3,Volunteer
2693,127,Female,35-44,3,Participant
2694,127,Male,35-44,3,Participant
2695,127,Female,55+,4,Volunteer
2696,127,Female,35-44,5,Participant
2697,127,Female,18-24,4,Participant
2698,127,Male,25-34,4,Participant
2699,127,Male,55+,3,Participant
2700,127,Male,25-34,3,Participant
2701,127,Female,18-24,6,Participant
2702,127,Female,25-34,3,Organizer
2703,127,Female,35-44,4,Participant
2704,128,Female,35-44,1,Participant
2705,128,Female,25-34,2,Organizer
2706,128,Male,25-34,5,Participant
2707,128,Female,25-34,6,Participant
2708,128,Male,25-34,3,Participant
2709,128,Female,25-34,3,Organizer
2710,128,Female,25-34,3,Participant
2711,128,Female,25-34,3,Participant
2712,128,Female,18-24,3,Volunteer
2713,128,Female,18-24,3,Participant
2714,128,Female,18-24,6,Participant
2715,128,Male,18-24,3,Volunteer
2716,128,Female,25-34,4,Participant
2717,128,Female,35-44,3,Participant
2718,128,Male,25-34,3,Volunteer
2719,128,Male,45-54,3,Participant
2720,128,Male,45-54,3,Participant
2721,128,Male,25-34,5,Participant
2722,128,Female,35-44,5,Participant
2723,129,Female,35-44,1,Volunteer
2724,129,Male,25-34,2,Participant
2725,129,Male,25-34,5,Volunteer
2726,129,Male,25-34,3,Participant
2727,129,Male,25-34,3,Participant
2728,129,Female,35-44,3,Participant
2729,129,Female,25-34,3,Participant
2730,129,Male,18-24,6,Volunteer
2731,129,Female,18-24,3,Organizer
2732,129,Female,35-44,3,Participant
2733,129,Male,18-24,4,Participant
2734,129,Female,45-54,3,Volunteer
2735,129,Male,35-44,5,Participant
2736,129,Female,35-44,3,Participant
2737,129,Male,45-54,4,Speaker
2738,129,Male,18-24,3,Organizer
2739,130,Male,25-34,1,Organizer
2740,130,Male,45-54,2,Participant
2741,130,Male,18-24,6,Participant
2742,130,Female,35-44,3,Speaker
2743,130,Female,18-24,3,Participant
2744,130,Female,25-34,3,Participant
2745,130,Female,35-44,3,Organizer
2746,130,Male,18-24,3,Participant
2747,130,Female,25-34,3,Participant
2748,130,Female,45-54,3,Participant
2749,130,Male,45-54,3,Participant
2750,130,Female,18-24,3,Participant
2751,130,Male,18-24,4,Participant
2752,131,Male,18-24,1,Speaker
2753,131,Male,18-24,2,Participant
2754,131,Female,45-54,4,Speaker
2755,131,Female,18-24,3,Organizer
2756,131,Male,45-54,5,Participant
2757,131,Female,35-44,3,Participant
2758,131,Male,18-24,3,Participant
2759,131,Male,25-34,3,Speaker
2760,131,Female,35-44,4,Participant
2761,131,Female,35-44,3,Participant
2762,131,Female,45-54,4,Participant
2763,131,Female,45-54,3,Participant
2764,131,Male,25-34,5,Participant
2765,131,Male,18-24,4,Participant
2766,131,Male,55+,3,Volunteer
2767,131,Female,25-34,3,Participant
2768,131,Male,18-24,6,Volunteer
2769,131,Male,45-54,3,Participant
2770,131,Male,45-54,4,Volunteer
2771,131,Female,35-44,3,Participant
2772,131,Male,25-34,3,Participant
2773,131,Male,35-44,4,Speaker
2774,131,Female,35-44,3,Volunteer
2775,131,Male,45-54,3,Participant
2776,132,Male,45-54,1,Participant
2777,132,Female,18-24,2,Volunteer
2778,132,Female,25-34,4,Volunteer
2779,132,Male,25-34,3,Organizer
2780,132,Male,45-54,4,Participant
2781,132,Female,25-34,3,Participant
2782,132,Female,35-44,3,Participant
2783,132,Male,25-34,3,Speaker
2784,132,Male,55+,5,Volunteer
2785,132,Female,45-54,3,Participant
2786,133,Male,25-34,1,Participant
2787,133,Male,25-34,2,Participant
2788,133,Male,18-24,3,Volunteer
2789,133,Female,25-34,3,Participant
2790,133,Male,18-24,3,Participant
2791,133,Male,45-54,4,Participant
2792,133,Female,25-34,4,Participant
2793,133,Male,18-24,3,Participant
2794,133,Male,18-24,6,Speaker
2795,133,Male,35-44,4,Participant
2796,133,Female,18-24,3,Participant
2797,133,Male,25-34,5,Participant
2798,133,Male,18-24,5,Participant
2799,133,Male,45-54,3,Organizer
2800,133,Male,55+,3,Participant
2801,133,Male,55+,3,Participant
2802,133,Male,25-34,4,Participant
2803,133,Male,35-44,3,Organizer
2804,133,Female,35-44,4,Participant
2805,134,Female,25-34,1,Participant
2806,134,Male,18-24,2,Participant
2807,134,Male,18-24,4,Volunteer
2808,134,Female,35-44,3,Volunteer
2809,134,Male,18-24,3,Participant
2810,134,Male,18-24,3,Participant
2811,134,Male,45-54,4,Participant
2812,134,Female,45-54,3,Organizer
2813,134,Female,25-34,3,Participant
2814,134,Male,18-24,3,Speaker
2815,134,Female,35-44,4,Participant
2816,134,Male,25-34,3,Organizer
2817,134,Male,18-24,4,Volunteer
2818,134,Male,18-24,4,Participant
2819,134,Female,18-24,3,Speaker
2820,134,Female,35-44,6,Participant
2821,134,Female,45-54,3,Participant
2822,134,Male,35-44,5,Participant
2823,134,Female,25-34,4,Organizer
2824,134,Female,25-34,3,Participant
2825,134,Female,35-44,5,Participant
2826,135,Male,18-24,1,Participant
2827,135,Female,25-34,2,Participant
2828,135,Male,35-44,6,Participant
2829,135,Male,25-34,3,Organizer
2830,135,Female,55+,4,Participant
2831,135,Male,18-24,5,Participant
2832,135,Female,55+,3,Participant
2833,135,Female,25-34,3,Participant
2834,135,Female,18-24,3,Participant
2835,135,Male,25-34,3,Participant
2836,135,Male,35-44,3,Participant
2837,135,Female,35-44,3,Participant
2838,135,Male,25-34,3,Participant
2839,135,Male,25-34,4,Speaker
2840,135,Male,35-44,3,Participant
2841,135,Female,25-34,3,Participant
2842,135,Female,35-44,5,Participant
2843,135,Male,18-24,4,Participant
2844,136,Male,18-24,1,Participant
2845,136,Female,25-34,2,Participant
2846,136,Male,35-44,3,Volunteer
2847,136,Female,25-34,4,Participant
2848,136,Female,45-54,3,Volunteer
2849,136,Female,25-34,5,Participant
2850,136,Male,55+,3,Volunteer
2851,136,Female,55+,4,Organizer
2852,136,Female,35-44,3,Participant
2853,136,Female,45-54,4,Participant
2854,136,Female,35-44,3,Participant
2855,136,Male,45-54,6,Volunteer
2856,136,Male,25-34,4,Participant
2857,136,Male,25-34,3,Volunteer
2858,136,Female,35-44,3,Volunteer
2859,136,Male,25-34,3,Participant
2860,136,Male,45-54,3,Volunteer
2861,136,Female,45-54,5,Participant
2862,136,Female,25-34,3,Speaker
2863,136,Male,45-54,3,Volunteer
2864,136,Female,18-24,4,Participant
2865,136,Female,25-34,3,Participant
2866,136,Female,25-34,3,Organizer
2867,136,Female,25-34,3,Participant
2868,137,Male,18-24,1,Participant
2869,137,Male,35-44,2,Participant
2870,137,Female,55+,3,Organizer
2871,137,Female,45-54,3,Participant
2872,137,Female,45-54,4,Participant
2873,137,Female,45-54,4,Organizer
2874,137,Male,45-54,5,Organizer
2875,137,Female,35-44,4,Participant
2876,137,Male,35-44,5,Participant
2877,137,Female,25-34,3,Participant
2878,137,Male,35-44,3,Volunteer
2879,137,Female,25-34,4,Participant
2880,137,Male,45-54,3,Organizer
2881,137,Male,25-34,4,Participant
2882,137,Male,18-24,3,Speaker
2883,137,Male,18-24,3,Speaker
2884,137,Female,35-44,4,Participant
2885,137,Male,25-34,3,Volunteer
2886,137,Female,25-34,3,Organizer
2887,137,Female,18-24,3,Volunteer
2888,137,Female,25-34,4,Participant
2889,137,Male,18-24,3,Volunteer
2890,137,Male,25-34,6,Organizer
2891,137,Male,25-34,3,Volunteer
2892,137,Male,25-34,4,Participant
2893,137,Female,25-34,6,Participant
2894,137,Male,25-34,3,Participant
2895,137,Male,45-54,4,Speaker
2896,137,Female,25-34,3,Participant
2897,138,Male,25-34,1,Organizer
2898,138,Female,45-54,2,Volunteer
2899,138,Female,45-54,5,Participant
2900,138,Male,55+,3,Speaker
2901,138,Female,45-54,3,Participant
2902,138,Male,18-24,3,Volunteer
2903,138,Male,35-44,3,Volunteer
2904,138,Female,18-24,3,Participant
2905,138,Male,25-34,3,Organizer
2906,138,Male,35-44,3,Participant
2907,138,Female,35-44,4,Participant
2908,138,Female,35-44,4,Speaker
2909,138,Male,18-24,5,Speaker
2910,138,Female,18-24,3,Participant
2911,138,Female,18-24,5,Volunteer
2912,138,Female,18-24,5,Participant
2913,138,Female,18-24,4,Organizer
2914,138,Female,35-44,4,Organizer
2915,138,Male,45-54,3,Participant
2916,138,Male,25-34,3,Organizer
2917,138,Female,35-44,5,Volunteer
2918,138,Female,25-34,4,Participant
2919,138,Male,55+,6,Organizer
2920,138,Female,25-34,4,Participant
2921,138,Male,45-54,3,Participant
2922,138,Male,55+,4,Organizer
2923,138,Male,45-54,3,Participant
2924,138,Female,18-24,3,Participant
2925,138,Female,35-44,3,Participant
2926,138,Female,18-24,3,Participant
2927,138,Female,18-24,3,Participant
2928,139,Female,25-34,1,Organizer
2929,139,Female,18-24,2,Participant
2930,139,Male,25-34,5,Speaker
2931,139,Female,25-34,5,Volunteer
2932,139,Female,25-34,4,Volunteer
2933,139,Female,55+,3,Participant
2934,139,Female,25-34,3,Participant
2935,139,Female,25-34,4,Participant
2936,139,Male,18-24,3,Participant
2937,139,Male,25-34,5,Participant
2938,139,Male,18-24,3,Participant
2939,139,Female,35-44,3,Organizer
2940,139,Male,18-24,3,Volunteer
2941,139,Male,35-44,3,Participant
2942,139,Male,45-54,3,Participant
2943,139,Female,18-24,3,Participant
2944,139,Male,25-34,3,Volunteer
2945,139,Female,25-34,3,Participant
2946,139,Female,35-44,3,Participant
2947,139,Female,25-34,3,Participant
2948,139,Male,35-44,5,Participant
2949,139,Male,35-44,4,Volunteer
2950,139,Female,25-34,3,Participant
2951,139,Female,25-34,3,Participant
2952,140,Male,25-34,1,Participant
2953,140,Male,55+,2,Volunteer
2954,140,Male,25-34,3,Volunteer
2955,140,Female,35-44,3,Participant
2956,140,Female,25-34,4,Volunteer
2957,140,Female,25-34,4,Volunteer
2958,140,Female,25-34,3,Volunteer
2959,140,Female,25-34,3,Participant
2960,140,Female,45-54,3,Participant
2961,140,Female,18-24,3,Participant
2962,140,Female,45-54,3,Participant
2963,140,Female,35-44,3,Participant
2964,140,Male,35-44,3,Participant
2965,140,Male,35-44,3,Participant
2966,140,Female,25-34,5,Volunteer
2967,140,Male,25-34,3,Participant
2968,140,Male,35-44,4,Participant
2969,140,Male,25-34,4,Participant
2970,140,Female,25-34,3,Participant
2971,140,Female,18-24,3,Participant
2972,140,Male,35-44,3,Participant
2973,140,Female,25-34,3,Volunteer
2974,140,Male,25-34,4,Participant
2975,140,Male,18-24,3,Participant
2976,140,Male,55+,3,Participant
2977,140,Female,25-34,3,Participant
2978,140,Female,35-44,3,Volunteer
2979,141,Male,18-24,1,Volunteer
2980,141,Female,25-34,2,Participant
2981,141,Female,25-34,3,Organizer
2982,141,Female,35-44,3,Speaker
2983,141,Male,25-34,5,Volunteer
2984,141,Male,18-24,5,Participant
2985,141,Male,18-24,3,Participant
2986,141,Female,18-24,4,Volunteer
2987,141,Male,45-54,3,Participant
2988,141,Male,25-34,5,Organizer
2989,141,Male,35-44,5,Participant
2990,141,Male,35-44,3,Participant
2991,141,Male,55+,4,Participant
2992,141,Male,25-34,3,Volunteer
2993,141,Male,18-24,4,Participant
2994,141,Female,18-24,3,Volunteer
2995,141,Female,25-34,3,Participant
2996,141,Female,35-44,3,Participant
2997,141,Female,18-24,5,Participant
2998,141,Male,25-34,3,Volunteer
2999,142,Male,35-44,1,Organizer
3000,142,Male,18-24,2,Participant
3001,142,Female,25-34,3,Volunteer
3002,142,Male,35-44,4,Participant
3003,142,Female,35-44,3,Organizer
3004,142,Male,25-34,3,Participant
3005,142,Female,18-24,3,Participant
3006,142,Male,35-44,3,Participant
3007,142,Female,25-34,3,Participant
3008,142,Female,25-34,4,Speaker
3009,142,Female,35-44,5,Participant
3010,142,Female,25-34,4,Speaker
3011,142,Female,18-24,3,Organizer
3012,142,Male,45-54,3,Participant
3013,142,Female,35-44,4,Participant
3014,143,Female,35-44,1,Participant
3015,143,Female,25-34,2,Participant
3016,143,Female,25-34,5,Participant
3017,143,Female,35-44,3,Participant
3018,143,Female,25-34,4,Participant
3019,143,Female,25-34,3,Participant
3020,143,Male,25-34,3,Participant
3021,143,Male,25-34,3,Organizer
3022,143,Male,55+,3,Participant
3023,143,Male,25-34,4,Participant
3024,143,Male,25-34,4,Participant
3025,143,Male,18-24,6,Participant
3026,143,Male,45-54,4,Participant
3027,144,Female,45-54,1,Participant
3028,144,Male,55+,2,Participant
3029,144,Female,25-34,3,Participant
3030,144,Female,18-24,3,Organizer
3031,144,Female,35-44,4,Volunteer
3032,144,Female,35-44,5,Speaker
3033,144,Female,18-24,4,Participant
3034,144,Female,55+,5,Participant
3035,144,Male,18-24,4,Participant
3036,144,Male,35-44,5,Participant
3037,144,Female,25-34,3,Participant
3038,144,Male,25-34,3,Speaker
3039,144,Male,25-34,3,Participant
3040,144,Female,35-44,5,Participant
3041,144,Female,55+,3,Participant
3042,144,Male,25-34,3,Volunteer
3043,144,Male,25-34,4,Speaker
3044,144,Female,25-34,3,Participant
3045,144,Female,45-54,3,Volunteer
3046,144,Female,55+,3,Organizer
3047,144,Male,35-44,3,Participant
3048,144,Female,25-34,4,Participant
3049,144,Male,55+,3,Participant
3050,144,Female,18-24,5,Participant
3051,144,Female,25-34,3,Participant
3052,144,Female,25-34,3,Volunteer
3053,144,Male,25-34,3,Volunteer
3054,144,Female,45-54,3,Volunteer
3055,144,Female,35-44,4,Participant
3056,145,Male,18-24,1,Organizer
3057,145,Female,18-24,2,Volunteer
3058,145,Male,25-34,4,Participant
3059,145,Female,35-44,3,Participant
3060,145,Female,45-54,3,Organizer
3061,145,Male,35-44,3,Participant
3062,145,Female,25-34,3,Organizer
3063,145,Male,18-24,4,Participant
3064,145,Female,25-34,3,Participant
3065,145,Female,25-34,6,Organizer
3066,145,Male,35-44,3,Participant
3067,145,Male,18-24,3,Participant
3068,145,Male,25-34,3,Speaker
3069,145,Male,45-54,5,Speaker
3070,145,Male,35-44,3,Volunteer
3071,145,Female,35-44,3,Participant
3072,145,Male,35-44,4,Participant
3073,145,Female,25-34,4,Organizer
3074,146,Female,18-24,1,Participant
3075,146,Male,25-34,2,Participant
3076,146,Female,35-44,5,Participant
3077,146,Female,55+,3,Participant
3078,146,Female,25-34,3,Participant
3079,146,Male,25-34,3,Participant
3080,146,Female,35-44,3,Participant
3081,146,Female,45-54,3,Participant
3082,146,Male,35-44,4,Speaker
3083,146,Female,25-34,3,Volunteer
3084,146,Female,35-44,3,Participant
3085,146,Male,25-34,3,Participant
3086,146,Female,25-34,3,Volunteer
3087,146,Male,25-34,6,Organizer
3088,146,Female,45-54,3,Speaker
3089,146,Male,18-24,3,Participant
3090,146,Male,35-44,3,Participant
3091,146,Female,25-34,3,Volunteer
3092,146,Female,25-34,5,Participant
3093,146,Male,25-34,5,Participant
3094,146,Female,25-34,3,Volunteer
3095,146,Male,25-34,3,Participant
3096,146,Male,35-44,3,Speaker
3097,146,Male,25-34,5,Volunteer
3098,146,Male,35-44,3,Volunteer
3099,146,Female,25-34,3,Speaker
3100,146,Female,25-34,3,Participant
3101,146,Male,25-34,3,Volunteer
3102,146,Male,55+,4,Participant
3103,146,Male,25-34,3,Volunteer
3104,146,Male,25-34,3,Volunteer
3105,146,Male,45-54,6,Organizer
3106,146,Female,18-24,3,Participant
3107,146,Male,45-54,3,Participant
3108,146,Female,18-24,4,Participant
3109,147,Female,25-34,1,Participant
3110,147,Male,18-24,2,Participant
3111,147,Male,25-34,4,Participant
3112,147,Male,35-44,6,Participant
3113,147,Female,45-54,3,Participant
3114,147,Male,45-54,5,Volunteer
3115,147,Male,25-34,3,Organizer
3116,147,Female,25-34,3,Participant
3117,147,Female,18-24,6,Participant
3118,147,Female,18-24,3,Participant
3119,147,Male,25-34,3,Volunteer
3120,147,Female,25-34,3,Participant
3121,147,Male,25-34,6,Participant
3122,147,Male,35-44,4,Participant
3123,147,Female,35-44,3,Organizer
3124,147,Male,25-34,3,Participant
3125,147,Female,35-44,3,Participant
3126,147,Female,25-34,3,Participant
3127,147,Male,25-34,5,Organizer
3128,147,Male,45-54,3,Volunteer
3129,147,Female,25-34,4,Organizer
3130,147,Male,45-54,3,Participant
3131,147,Female,18-24,3,Speaker
3132,147,Female,35-44,4,Participant
3133,147,Female,35-44,3,Organizer
3134,147,Female,35-44,5,Organizer
3135,147,Male,45-54,3,Participant
3136,147,Male,35-44,3,Participant
3137,147,Female,35-44,3,Volunteer
3138,148,Male,25-34,1,Participant
3139,148,Female,55+,2,Speaker
3140,148,Male,25-34,3,Participant
3141,148,Female,45-54,5,Volunteer
3142,148,Female,45-54,4,Participant
3143,148,Male,45-54,5,Participant
3144,148,Female,18-24,3,Participant
3145,148,Female,55+,3,Volunteer
3146,148,Male,18-24,4,Participant
3147,148,Male,18-24,3,Participant
3148,148,Female,25-34,4,Participant
3149,148,Female,25-34,6,Volunteer
3150,148,Female,25-34,4,Organizer
3151,148,Female,25-34,4,Volunteer
3152,148,Female,25-34,3,Volunteer
3153,148,Female,35-44,3,Participant
3154,148,Male,25-34,4,Participant
3155,148,Female,25-34,5,Participant
3156,148,Female,55+,3,Participant
3157,148,Female,25-34,3,Participant
3158,149,Female,45-54,1,Volunteer
3159,149,Female,25-34,2,Volunteer
3160,149,Male,25-34,3,Participant
3161,149,Male,35-44,3,Organizer
3162,149,Female,25-34,4,Speaker
3163,149,Female,35-44,5,Participant
3164,149,Female,45-54,3,Participant
3165,149,Female,25-34,3,Participant
3166,149,Female,35-44,3,Volunteer
3167,149,Female,35-44,5,Organizer
3168,149,Male,18-24,3,Participant
3169,149,Male,25-34,3,Volunteer
3170,149,Female,45-54,3,Participant
3171,149,Male,45-54,3,Participant
3172,150,Male,25-34,1,Participant
3173,150,Female,25-34,2,Participant
3174,150,Male,25-34,3,Participant
3175,150,Male,45-54,3,Participant
3176,150,Male,35-44,3,Volunteer
3177,150,Female,25-34,3,Participant
3178,150,Male,35-44,4,Participant
3179,150,Male,25-34,3,Volunteer
3180,150,Female,35-44,3,Participant
3181,150,Male,25-34,3,Participant
3182,150,Female,25-34,3,Participant
3183,150,Male,35-44,4,Participant
3184,150,Female,35-44,4,Participant
3185,150,Male,25-34,3,Organizer
3186,150,Female,35-44,4,Participant
3187,150,Male,35-44,4,Participant
3188,150,Male,35-44,4,Participant
3189,150,Female,45-54,3,Participant
3190,150,Female,25-34,3,Participant
3191,150,Male,55+,3,Participant
3192,150,Female,35-44,3,Participant
3193,150,Female,35-44,3,Participant
3194,150,Female,35-44,3,Organizer
3195,150,Male,25-34,4,Participant
3196,150,Male,18-24,3,Participant
3197,150,Male,35-44,3,Organizer
3198,150,Male,25-34,3,Participant
3199,150,Male,35-44,3,Speaker
